generation number, individual number,fitness, string representation of candidate 
16, 0, [853.166666666667, 54786.2564458678, 43736.4846080899, 24.087818867946], [1, 2, 3, 4, 5, 6, 7, 3, 3, 3, 3, 3, 3, 3, 3, 3, 3, 3, 3, 3, 3, 3, 3, 3, 3, 3, 3, 3, 3, 3, 3, 3, 3, 3, 3, 3, 3, 3, 3, 3, 3, 3, 3, 3, 3, 3, 3, 3, 3, 3, 3, 3, 3, 3, 3, 3, 3, 3, 3, 3, 3, 3, 3, 3, 3, 3, 3, 3, 3, 3, 3, 3, 3, 3, 3, 3, 3, 3, 3, 3, 3, 3, 3, 3, 3, 3, 3, 3, 3, 3, 3, 3, 3, 3, 3, 3, 3, 3, 3, 3, 3, 3, 3, 3, 3, 3, 3, 3, 3, 3, 6, 3, 3, 3, 3, 3, 3, 6, 6, 3, 3, 3, 3, 3, 3, 3, 6, 7, 3, 3, 3, 3, 6, 3, 3, 3, 3, 6, 7, 6, 3, 3, 3, 6, 6, 3, 3, 3, 3, 7, 3, 7, 3, 3, 3, 3, 3, 3, 6, 3, 3, 3, 3, 3, 3, 7, 7, 3, 3, 3, 3, 3, 3, 7, 6, 3, 3, 3, 3, 3, 3, 3, 3, 7, 3, 3, 3, 3, 3, 3, 3, 3, 3, 3, 3, 3, 3, 3, 3, 6, 6, 3, 3, 3, 3, 3, 3, 3, 3, 7, 6, 3, 3, 3, 3, 3, 3, 3, 3, 7, 3, 3, 3, 3, 3, 3, 3, 3, 3, 3, 3, 3, 3, 3, 3, 3, 3, 3, 3, 7, 3, 3, 3, 3, 3, 3, 3, 3, 3, 3, 3, 3, 3, 3, 3, 3, 3, 3, 3, 3, 3, 3, 3, 3, 3, 3, 3, 3, 3, 3, 3, 3, 3, 3, 3, 3, 7, 3, 3, 3, 3, 3, 3, 3, 3, 6, 3, 3, 3, 3, 3, 3, 3, 3, 3, 3, 3, 3, 3, 3, 3, 3, 3, 6, 3, 3, 3, 3, 3, 3, 3, 3, 3, 6, 3, 3, 3, 3, 3, 3, 3, 3, 3, 6, 3, 3, 3, 3, 3, 3, 3, 3, 3, 3, 3, 7, 3, 3, 3, 3, 3, 3, 3, 3, 3, 3, 3, 3, 3, 3, 3, 3, 3, 3, 3, 3, 3, 3, 3, 3, 3, 3, 3, 3, 3, 3, 3, 3, 6, 3, 3, 3, 3, 3, 3, 3, 3, 3, 3, 3, 3, 3, 6, 3, 3, 3, 3, 3, 3, 3, 3, 3, 3, 3, 6, 3, 3, 3, 3, 3, 3, 3, 3, 3, 3, 3, 6, 3, 3, 3, 3, 3, 3, 3, 3, 3, 3, 3, 3, 7, 3, 3, 7, 3, 3, 3, 3, 3, 3, 3, 3, 3, 3, 3, 3, 3, 7, 3, 3, 3, 3, 3, 3, 3, 3, 3, 3, 3, 3, 3, 3, 3, 3, 3, 3, 3, 3, 3, 3, 3, 3, 3, 3, 3, 7, 3, 3, 3, 3, 3, 3, 3, 3, 3, 3, 3, 3, 3, 3, 3, 3, 3, 3, 3, 3, 3, 3, 3, 3, 3, 3, 3, 3, 3, 3, 7, 3, 3, 3, 3, 3, 3, 3, 3, 3, 3, 7, 3, 3, 3, 6, 3, 3, 3, 3, 3, 3, 7, 3, 3, 3, 6, 3, 3, 3, 3, 3, 3, 3, 3, 3, 6, 3, 3, 3, 3, 3, 3, 3, 6, 6, 3, 3, 3, 3, 3, 3, 3, 3, 3, 6, 3, 3, 6, 3, 3, 3, 3, 3, 3, 3, 6, 6, 3, 3, 3, 3, 3, 3, 3, 3, 3, 7, 6, 6, 3, 6, 3, 3, 3, 7, 3, 3, 3, 6, 6, 6, 3, 3, 3, 3, 7, 3, 7, 3, 6, 3, 3, 3, 6, 7, 7, 7, 6, 3, 3, 6, 6, 3, 3, 7, 7, 7, 7, 7, 7, 6, 6, 3, 3, 3, 3, 6, 7, 7, 3, 7, 7, 7, 3, 6, 6, 3, 3, 6, 3, 3, 3, 7, 3, 3, 7, 7, 3, 3, 6, 6, 6, 6, 3, 3, 3, 7, 7, 6, 7, 3, 3, 3, 6, 6, 3, 3, 3, 7, 3, 6, 3, 3, 3, 3, 3, 3, 6, 6, 6, 7, 3, 7, 7, 7, 3, 3, 3, 6, 6, 6, 3, 7, 3, 3, 3, 3, 3, 3, 3, 3, 6, 6, 6, 7, 3, 3, 3, 3, 3, 3, 3, 3, 6, 6, 6, 7, 3, 3, 3, 3, 3, 3, 3, 3, 3, 6, 6, 3, 3, 3, 3, 6, 3, 3, 3, 3, 3, 3, 3, 3, 3, 3, 3, 3, 3, 3, 3, 3, 3, 3, 3, 3, 3, 3, 3, 3, 3, 3, 3, 3, 7, 3, 3, 3, 3, 3, 3, 3, 7, 7, 3, 3, 3, 3, 3, 3, 3, 3, 7, 7, 3, 3, 6, 3, 3, 3, 3, 3, 3, 3, 3, 3, 3, 7, 3, 3, 3, 3, 3, 7, 7, 3, 3, 3, 3, 3, 3, 3, 3, 3, 3, 7, 3, 3, 3, 3, 3, 3, 3, 3, 3, 3, 3, 3, 3, 3, 3, 3, 3, 3, 3, 3, 3, 3, 3, 3, 3, 3, 3, 3, 3, 3, 3, 3, 6, 6, 3, 3, 3, 3, 3, 3, 3, 3, 3, 6, 6, 3, 3, 3, 3, 3, 3, 3, 3, 6, 3, 3, 3, 3, 3, 3, 3, 3, 3, 3, 3, 6, 3, 3, 3, 3, 3, 3, 3, 3, 3, 6, 6, 3, 3, 3, 3, 3, 3, 3, 3, 3, 6, 6, 3, 3, 3, 3, 3, 3, 3, 3, 6, 3, 3, 3, 3, 3, 3, 7, 3, 3, 6, 3, 3, 3, 3, 3, 3, 3, 3, 3, 3, 3, 3, 3, 3, 3, 3, 3, 3, 6, 3, 3, 3, 3, 3, 3, 3, 3, 3, 3, 3, 3, 6, 3, 3, 3, 7, 3, 3, 6, 3, 3, 3, 3, 3, 3, 3, 3, 6, 6, 3, 6, 6, 3, 3, 3, 3, 3, 3, 6, 6, 6, 6, 6, 3, 3, 3, 3, 3, 6, 6, 6, 6, 6, 6, 3, 3, 3, 3, 3, 6, 6, 6, 6, 6, 6, 6, 3, 3, 3, 6, 6, 7, 6, 6, 6, 6, 3, 3, 3, 3, 6, 6, 3, 6, 6, 6, 6, 6, 6, 3, 3, 6, 6, 6, 3, 3, 3, 3, 6, 6, 3, 3, 3, 3, 3, 6, 3, 3, 6, 6, 3, 3, 3, 3, 3, 6, 6, 3, 3, 3, 6, 3, 3, 3, 3, 3, 6, 3, 3, 3, 6, 3, 3, 3, 3, 3, 6, 6, 6, 3, 7, 3, 6, 6, 3, 3, 3, 3, 3, 6, 3, 3, 3, 6, 6, 6, 3, 3, 3, 3, 6, 6, 6, 3, 3, 6, 6, 6, 3, 3, 3, 3, 6, 6, 3, 3, 3, 6, 6, 3, 3, 3, 3, 3, 3, 6, 6, 3, 3, 6, 6, 3, 3, 3, 3, 3, 3, 6, 6, 7, 6, 6, 6, 3, 3, 3, 3, 3, 6, 6, 7, 3, 6, 6, 3, 3, 3, 3, 7, 3, 6, 6, 3, 6, 6, 6, 3, 7, 3, 3, 6, 6, 6, 3, 6, 3, 3, 3, 3, 3, 6, 6, 6, 6, 3, 3, 3, 3, 3, 3, 7, 3, 6, 6, 6, 6, 3, 3, 3, 3, 3, 3, 3, 6, 6, 6, 6, 3, 3, 3, 3, 3, 3, 7, 3, 6, 6, 6, 3, 3, 3, 3, 3, 7, 3, 7, 6, 6, 3, 3, 3, 3, 3, 3, 7, 6, 3, 3, 3, 7, 3, 3, 3, 3, 3, 3]
16, 1, [4494.46666666667, 33850.6082030016, 42341.675563215, 32.1157356092836], [3, 5, 3, 4, 5, 6, 7, 5, 1, 7, 5, 7, 3, 4, 7, 6, 2, 1, 1, 4, 3, 4, 1, 2, 1, 1, 6, 1, 7, 5, 1, 4, 5, 5, 7, 2, 1, 7, 7, 5, 3, 1, 6, 6, 1, 4, 7, 4, 2, 1, 3, 4, 7, 1, 7, 5, 4, 5, 3, 2, 6, 6, 2, 2, 6, 1, 5, 4, 2, 3, 3, 6, 4, 7, 4, 6, 3, 7, 6, 5, 1, 7, 4, 7, 2, 3, 5, 5, 7, 5, 7, 6, 6, 1, 2, 4, 2, 1, 5, 1, 5, 2, 7, 7, 4, 2, 1, 1, 7, 1, 7, 1, 7, 1, 3, 2, 6, 7, 7, 3, 2, 5, 5, 1, 6, 4, 6, 7, 6, 7, 2, 5, 7, 5, 3, 6, 3, 7, 7, 6, 3, 5, 6, 6, 6, 1, 5, 6, 5, 7, 7, 7, 4, 1, 5, 5, 1, 1, 7, 7, 1, 3, 1, 3, 2, 7, 7, 4, 4, 5, 4, 7, 3, 7, 6, 6, 6, 3, 5, 2, 5, 7, 3, 7, 7, 6, 7, 6, 3, 6, 6, 7, 6, 4, 3, 5, 5, 6, 7, 6, 7, 1, 3, 4, 4, 7, 1, 2, 6, 7, 7, 2, 5, 2, 1, 4, 7, 6, 7, 7, 3, 3, 3, 1, 6, 1, 7, 7, 6, 1, 2, 6, 3, 2, 6, 3, 2, 7, 6, 7, 2, 6, 6, 6, 5, 4, 3, 2, 7, 2, 6, 1, 2, 5, 6, 5, 7, 6, 6, 5, 1, 2, 1, 1, 4, 5, 2, 2, 7, 5, 1, 2, 6, 5, 5, 5, 7, 7, 6, 6, 2, 7, 6, 5, 3, 7, 6, 2, 6, 1, 7, 5, 2, 7, 1, 2, 5, 6, 2, 5, 5, 7, 6, 6, 4, 2, 5, 2, 5, 2, 3, 2, 7, 7, 5, 1, 2, 3, 4, 4, 5, 5, 7, 6, 1, 7, 3, 7, 7, 5, 1, 1, 1, 3, 5, 7, 2, 4, 2, 6, 4, 4, 1, 7, 4, 7, 7, 3, 7, 6, 6, 4, 6, 3, 7, 4, 2, 3, 2, 6, 3, 2, 4, 5, 4, 2, 7, 5, 7, 1, 4, 6, 2, 2, 6, 7, 6, 2, 5, 4, 1, 5, 7, 3, 5, 6, 4, 6, 1, 2, 2, 2, 5, 7, 7, 7, 2, 1, 1, 6, 7, 7, 7, 2, 6, 4, 6, 1, 4, 3, 7, 3, 6, 7, 3, 4, 1, 1, 6, 7, 7, 6, 7, 4, 6, 7, 1, 3, 1, 6, 2, 4, 3, 1, 6, 4, 7, 1, 6, 3, 5, 6, 5, 2, 5, 1, 1, 7, 5, 1, 3, 7, 2, 5, 1, 7, 1, 4, 5, 7, 5, 7, 5, 6, 7, 6, 4, 2, 4, 4, 5, 7, 3, 6, 7, 4, 1, 2, 3, 5, 6, 4, 4, 6, 2, 2, 4, 7, 3, 6, 3, 7, 1, 4, 3, 7, 3, 3, 2, 6, 6, 5, 7, 3, 1, 2, 7, 1, 7, 1, 6, 1, 4, 6, 5, 6, 1, 7, 7, 4, 6, 6, 1, 7, 1, 7, 2, 7, 2, 4, 5, 6, 5, 7, 3, 4, 5, 7, 1, 7, 6, 6, 3, 6, 6, 7, 4, 4, 2, 6, 7, 3, 5, 7, 4, 4, 1, 3, 5, 4, 1, 6, 6, 5, 4, 4, 7, 4, 5, 7, 2, 4, 7, 6, 6, 1, 7, 7, 2, 5, 7, 4, 7, 1, 6, 6, 7, 2, 3, 4, 1, 7, 4, 7, 7, 7, 6, 7, 5, 7, 7, 7, 7, 6, 4, 5, 6, 7, 2, 3, 7, 7, 7, 7, 7, 7, 7, 7, 5, 1, 5, 7, 6, 7, 7, 7, 7, 7, 7, 4, 6, 6, 3, 5, 7, 4, 3, 1, 7, 7, 4, 7, 7, 1, 5, 7, 6, 7, 6, 4, 6, 1, 7, 7, 6, 7, 2, 4, 7, 6, 6, 4, 3, 2, 7, 6, 7, 7, 6, 6, 3, 3, 2, 6, 6, 6, 7, 6, 7, 7, 7, 2, 6, 4, 6, 7, 6, 1, 7, 5, 3, 3, 6, 6, 1, 2, 1, 6, 7, 6, 7, 7, 7, 3, 5, 5, 1, 4, 6, 7, 7, 6, 7, 3, 1, 3, 7, 2, 2, 1, 6, 5, 7, 6, 2, 6, 4, 2, 7, 4, 4, 4, 6, 4, 3, 4, 5, 7, 2, 4, 4, 4, 3, 2, 4, 4, 2, 3, 3, 1, 1, 7, 6, 1, 7, 4, 6, 7, 3, 3, 7, 6, 2, 4, 5, 7, 7, 6, 1, 6, 7, 2, 3, 7, 4, 7, 7, 1, 7, 6, 5, 3, 1, 4, 7, 1, 1, 1, 4, 3, 7, 2, 7, 5, 6, 4, 7, 7, 2, 1, 3, 2, 7, 4, 5, 4, 2, 5, 7, 3, 7, 5, 1, 1, 5, 5, 5, 6, 2, 6, 7, 7, 2, 5, 4, 5, 1, 7, 3, 3, 2, 3, 2, 7, 6, 1, 6, 5, 6, 7, 3, 7, 6, 1, 1, 1, 7, 1, 2, 3, 1, 1, 6, 6, 5, 3, 5, 4, 7, 3, 2, 2, 6, 1, 7, 7, 1, 5, 2, 4, 2, 7, 7, 2, 6, 1, 6, 4, 6, 1, 4, 2, 5, 4, 6, 6, 6, 1, 6, 3, 5, 5, 1, 1, 3, 7, 6, 7, 7, 3, 6, 2, 4, 6, 4, 6, 3, 1, 3, 7, 6, 2, 7, 2, 3, 7, 3, 4, 2, 7, 7, 5, 5, 2, 3, 4, 5, 6, 5, 1, 7, 3, 7, 5, 7, 1, 2, 7, 6, 7, 2, 7, 2, 3, 1, 3, 7, 6, 6, 2, 1, 7, 4, 5, 7, 4, 7, 7, 7, 6, 5, 7, 5, 7, 7, 1, 6, 6, 6, 3, 5, 2, 6, 1, 6, 7, 6, 7, 7, 3, 1, 7, 3, 2, 7, 6, 6, 7, 7, 6, 4, 3, 5, 7, 7, 7, 6, 6, 7, 6, 7, 6, 7, 3, 3, 6, 7, 7, 7, 7, 7, 6, 5, 3, 4, 4, 6, 6, 1, 7, 7, 7, 7, 6, 7, 4, 3, 6, 6, 7, 6, 1, 1, 1, 7, 7, 5, 7, 5, 5, 1, 6, 5, 6, 6, 6, 4, 5, 2, 3, 2, 7, 7, 3, 6, 1, 7, 1, 6, 6, 6, 2, 6, 2, 1, 6, 7, 6, 1, 2, 2, 3, 6, 7, 6, 7, 7, 2, 6, 7, 4, 7, 6, 1, 6, 7, 6, 7, 2, 7, 7, 6, 1, 7, 2, 2, 6, 6, 7, 2, 3, 7, 6, 7, 2, 6, 6, 5, 6, 6, 1, 7, 3, 6, 6, 3, 1, 3, 3, 1, 1, 7, 6, 7, 1, 7, 6, 4, 4, 1, 6, 7, 6, 7, 7, 7, 6, 6, 7, 1, 1, 3, 3, 1, 7, 7, 7, 1, 6, 6, 2, 4, 4, 2, 7, 5, 6, 6, 4, 7, 6, 7, 7, 7, 5, 2, 7, 7, 7, 1, 6, 3, 1, 3, 7, 7, 6, 6, 7, 6, 3, 1, 4, 5, 7, 6, 7, 3, 7, 6, 6, 6, 7, 6, 4, 5, 4, 7, 2, 6, 6, 7, 7, 5, 1, 4, 1, 4, 6, 7, 7, 7, 7, 6, 4, 1, 6, 1, 7, 7, 1, 7, 7, 6, 4, 3, 6, 1, 7, 4, 7, 6, 6, 1, 2, 7, 1, 6, 5, 3, 6, 6]
16, 2, [883.833333333333, 54596.7414168965, 43738.1245653548, 24.1469353245566], [1, 2, 3, 4, 5, 6, 7, 3, 3, 3, 3, 3, 3, 3, 3, 3, 3, 3, 3, 3, 3, 3, 3, 3, 3, 3, 3, 3, 3, 3, 3, 3, 3, 3, 3, 3, 3, 3, 3, 3, 3, 3, 3, 3, 3, 4, 3, 3, 3, 3, 3, 3, 3, 3, 3, 3, 3, 3, 3, 3, 3, 3, 3, 3, 3, 3, 3, 3, 3, 3, 3, 3, 3, 3, 3, 3, 3, 3, 3, 3, 3, 3, 3, 3, 3, 3, 3, 3, 3, 3, 3, 3, 3, 3, 3, 3, 3, 3, 3, 3, 3, 3, 3, 3, 3, 3, 3, 3, 3, 3, 6, 3, 3, 3, 3, 3, 3, 6, 6, 3, 3, 3, 3, 3, 3, 3, 6, 7, 3, 3, 3, 3, 6, 3, 3, 3, 3, 6, 7, 6, 3, 3, 3, 6, 6, 3, 3, 3, 3, 7, 3, 7, 3, 3, 3, 3, 3, 3, 6, 3, 3, 3, 3, 3, 3, 7, 7, 3, 3, 3, 3, 3, 3, 7, 6, 3, 3, 3, 3, 3, 3, 3, 3, 7, 3, 3, 3, 3, 3, 3, 3, 3, 3, 3, 3, 3, 3, 3, 3, 6, 6, 3, 3, 3, 3, 3, 3, 3, 3, 7, 6, 3, 3, 3, 3, 3, 3, 3, 3, 7, 3, 3, 3, 3, 3, 3, 3, 3, 3, 3, 3, 3, 3, 3, 3, 3, 3, 3, 3, 7, 3, 3, 3, 3, 3, 3, 3, 3, 3, 3, 3, 3, 3, 3, 3, 3, 3, 3, 3, 3, 3, 3, 3, 3, 3, 3, 3, 3, 3, 3, 3, 3, 3, 3, 3, 3, 7, 3, 3, 3, 3, 3, 3, 3, 3, 6, 3, 3, 3, 3, 1, 3, 3, 3, 3, 3, 3, 3, 3, 3, 3, 3, 3, 6, 3, 3, 3, 3, 3, 3, 3, 3, 3, 6, 3, 3, 3, 3, 2, 3, 3, 3, 3, 6, 3, 3, 3, 3, 3, 3, 3, 3, 3, 3, 3, 7, 3, 6, 3, 3, 3, 3, 3, 3, 3, 3, 3, 3, 3, 3, 3, 3, 3, 3, 3, 3, 3, 3, 3, 3, 3, 3, 3, 3, 3, 3, 3, 3, 6, 3, 3, 3, 3, 3, 3, 3, 3, 3, 3, 3, 3, 3, 6, 3, 3, 3, 3, 3, 3, 3, 3, 3, 3, 3, 6, 3, 3, 3, 3, 3, 3, 3, 3, 3, 3, 3, 6, 3, 3, 3, 3, 3, 3, 3, 3, 3, 3, 3, 3, 7, 3, 3, 7, 3, 3, 3, 3, 3, 3, 3, 3, 3, 3, 3, 3, 3, 7, 3, 3, 3, 3, 3, 3, 3, 3, 3, 3, 3, 3, 3, 3, 3, 3, 3, 3, 1, 3, 3, 3, 3, 3, 3, 3, 3, 7, 3, 3, 3, 3, 3, 3, 3, 3, 3, 3, 3, 3, 3, 3, 3, 3, 3, 3, 3, 3, 3, 3, 3, 3, 3, 3, 3, 3, 3, 3, 7, 3, 3, 3, 3, 2, 3, 3, 3, 3, 3, 7, 3, 3, 3, 6, 3, 3, 3, 3, 3, 3, 7, 3, 3, 3, 6, 3, 3, 3, 3, 3, 3, 3, 3, 3, 6, 3, 3, 3, 3, 3, 3, 3, 6, 6, 3, 3, 3, 3, 3, 3, 3, 3, 3, 6, 3, 3, 6, 3, 3, 3, 3, 3, 3, 3, 6, 6, 3, 3, 3, 3, 3, 3, 3, 3, 3, 7, 6, 6, 3, 6, 3, 3, 3, 7, 3, 3, 3, 6, 6, 6, 3, 3, 3, 3, 7, 3, 7, 3, 6, 3, 3, 3, 6, 7, 7, 7, 6, 3, 3, 6, 6, 3, 3, 7, 7, 7, 7, 7, 7, 6, 6, 3, 3, 3, 3, 6, 7, 7, 3, 7, 7, 7, 3, 6, 6, 3, 3, 6, 3, 3, 3, 7, 3, 3, 7, 7, 3, 3, 6, 6, 6, 6, 3, 3, 3, 7, 7, 6, 7, 3, 3, 3, 6, 6, 3, 3, 3, 7, 3, 6, 3, 3, 3, 3, 3, 3, 6, 6, 6, 7, 3, 7, 7, 7, 3, 3, 3, 6, 6, 6, 3, 7, 3, 3, 3, 3, 3, 3, 3, 3, 6, 6, 6, 7, 3, 3, 3, 3, 3, 3, 3, 3, 6, 6, 6, 7, 3, 3, 3, 3, 3, 3, 3, 3, 3, 6, 6, 3, 3, 3, 3, 6, 3, 3, 3, 3, 3, 3, 3, 3, 3, 3, 3, 3, 3, 3, 3, 3, 3, 3, 3, 3, 3, 3, 3, 3, 3, 3, 3, 3, 7, 3, 3, 3, 3, 3, 3, 3, 7, 7, 3, 3, 3, 3, 3, 3, 3, 3, 7, 7, 3, 3, 6, 3, 3, 3, 3, 3, 3, 3, 3, 3, 3, 7, 3, 3, 3, 3, 3, 7, 7, 3, 3, 3, 3, 3, 3, 3, 3, 3, 3, 7, 3, 3, 3, 3, 3, 3, 3, 3, 3, 3, 3, 3, 3, 3, 3, 3, 3, 3, 3, 3, 3, 3, 3, 3, 3, 3, 3, 3, 3, 3, 3, 3, 6, 6, 3, 3, 3, 3, 3, 3, 3, 3, 3, 6, 6, 3, 3, 3, 3, 3, 3, 3, 3, 6, 3, 3, 3, 3, 3, 3, 3, 3, 3, 3, 3, 6, 3, 3, 3, 3, 3, 3, 3, 3, 3, 6, 6, 3, 3, 3, 3, 3, 3, 3, 3, 3, 6, 6, 3, 3, 3, 3, 3, 3, 3, 3, 6, 3, 3, 3, 3, 3, 3, 7, 3, 3, 6, 3, 3, 3, 3, 3, 3, 3, 3, 3, 3, 3, 3, 3, 3, 3, 3, 3, 3, 6, 3, 3, 3, 3, 3, 3, 3, 3, 3, 3, 3, 3, 6, 3, 3, 3, 7, 3, 3, 6, 3, 3, 3, 3, 3, 3, 3, 3, 6, 6, 3, 6, 6, 3, 3, 3, 3, 3, 3, 6, 6, 6, 6, 6, 3, 3, 3, 3, 3, 6, 6, 6, 6, 6, 6, 3, 3, 3, 3, 3, 6, 6, 6, 6, 6, 6, 6, 3, 3, 3, 6, 6, 7, 6, 6, 6, 6, 3, 3, 3, 3, 6, 6, 3, 6, 6, 6, 6, 6, 6, 3, 3, 6, 6, 6, 3, 3, 3, 3, 6, 6, 3, 3, 3, 3, 3, 6, 3, 3, 6, 6, 3, 3, 3, 3, 3, 6, 6, 3, 3, 3, 6, 3, 3, 3, 3, 3, 7, 3, 3, 3, 6, 3, 3, 3, 3, 3, 6, 6, 6, 3, 7, 3, 6, 6, 3, 3, 3, 3, 3, 6, 3, 3, 3, 6, 6, 6, 3, 3, 3, 3, 6, 6, 6, 3, 3, 6, 6, 6, 3, 3, 3, 3, 6, 6, 3, 3, 3, 6, 6, 3, 3, 3, 1, 3, 3, 6, 6, 3, 3, 6, 6, 3, 3, 3, 3, 3, 3, 6, 6, 7, 6, 6, 6, 3, 3, 3, 3, 3, 6, 6, 7, 3, 6, 6, 3, 3, 3, 3, 7, 3, 6, 6, 3, 6, 6, 6, 3, 7, 3, 3, 6, 6, 6, 3, 6, 3, 3, 3, 3, 3, 6, 6, 6, 6, 3, 3, 3, 3, 3, 3, 7, 3, 6, 6, 6, 6, 3, 3, 3, 3, 3, 3, 3, 6, 6, 6, 6, 3, 3, 3, 3, 3, 3, 7, 3, 6, 6, 6, 3, 3, 3, 3, 3, 7, 3, 7, 6, 6, 3, 3, 3, 3, 3, 3, 7, 6, 3, 3, 3, 7, 3, 3, 3, 3, 3, 3]
16, 3, [4427.31666666667, 34333.336964792, 42307.8148320385, 32.2254338149876], [1, 3, 5, 2, 6, 7, 7, 7, 4, 1, 4, 7, 2, 1, 6, 5, 4, 2, 5, 2, 7, 4, 5, 2, 3, 3, 2, 3, 7, 1, 2, 2, 3, 1, 3, 6, 1, 6, 4, 3, 6, 7, 7, 2, 7, 5, 2, 6, 6, 2, 1, 5, 2, 4, 1, 2, 7, 3, 3, 1, 3, 7, 1, 7, 2, 6, 6, 5, 5, 3, 4, 1, 1, 2, 2, 4, 6, 4, 3, 4, 1, 1, 7, 3, 5, 6, 4, 6, 7, 2, 6, 3, 7, 7, 1, 4, 5, 6, 1, 3, 5, 7, 3, 1, 3, 7, 4, 2, 6, 3, 7, 7, 5, 2, 2, 5, 2, 7, 6, 5, 7, 3, 2, 4, 7, 3, 6, 7, 7, 1, 5, 3, 7, 4, 3, 4, 1, 6, 7, 7, 7, 7, 6, 6, 7, 4, 5, 4, 1, 7, 3, 7, 5, 7, 4, 5, 1, 5, 7, 5, 4, 4, 3, 3, 1, 7, 7, 3, 2, 1, 5, 1, 5, 7, 7, 7, 5, 4, 7, 7, 4, 5, 3, 7, 5, 4, 2, 7, 4, 5, 7, 5, 4, 7, 1, 3, 7, 2, 5, 7, 7, 7, 6, 3, 4, 7, 2, 6, 6, 7, 7, 2, 5, 2, 1, 4, 7, 6, 7, 7, 3, 3, 3, 1, 6, 1, 7, 7, 6, 1, 2, 6, 3, 2, 6, 3, 2, 7, 6, 7, 2, 6, 6, 6, 5, 4, 3, 2, 7, 2, 6, 1, 2, 5, 6, 5, 7, 6, 6, 5, 1, 2, 1, 1, 4, 5, 2, 7, 7, 5, 1, 2, 6, 5, 5, 5, 7, 7, 6, 6, 2, 7, 6, 5, 3, 7, 6, 2, 6, 1, 7, 5, 2, 7, 1, 2, 5, 6, 2, 5, 5, 7, 6, 6, 4, 2, 5, 2, 5, 2, 3, 2, 7, 7, 5, 1, 2, 3, 4, 4, 5, 5, 7, 6, 1, 7, 3, 7, 7, 5, 2, 1, 1, 3, 5, 7, 2, 4, 2, 6, 4, 4, 1, 7, 4, 7, 7, 3, 7, 6, 6, 4, 6, 3, 7, 4, 2, 3, 2, 6, 3, 2, 4, 5, 4, 2, 7, 5, 7, 1, 4, 6, 2, 2, 6, 7, 6, 2, 5, 4, 1, 5, 6, 3, 5, 6, 4, 6, 1, 2, 2, 2, 5, 7, 7, 7, 2, 1, 1, 6, 7, 7, 7, 2, 6, 4, 6, 1, 4, 3, 7, 3, 6, 6, 3, 4, 1, 1, 6, 7, 7, 6, 7, 4, 6, 7, 1, 3, 1, 6, 2, 4, 3, 1, 6, 4, 7, 1, 6, 3, 5, 6, 5, 2, 5, 1, 1, 7, 5, 1, 3, 7, 2, 5, 1, 7, 1, 4, 5, 7, 5, 7, 5, 6, 7, 6, 4, 2, 4, 4, 5, 7, 3, 6, 7, 4, 1, 2, 3, 5, 6, 4, 4, 6, 2, 2, 4, 7, 3, 6, 3, 7, 1, 4, 3, 7, 3, 3, 2, 6, 6, 5, 7, 3, 1, 2, 7, 1, 7, 1, 6, 1, 4, 6, 5, 6, 1, 7, 7, 4, 6, 6, 1, 7, 1, 7, 2, 7, 2, 4, 5, 6, 5, 7, 3, 4, 5, 7, 1, 7, 6, 6, 3, 6, 6, 7, 4, 4, 2, 6, 7, 3, 5, 7, 4, 4, 1, 3, 5, 4, 1, 7, 6, 5, 4, 4, 7, 4, 5, 7, 2, 4, 7, 6, 6, 1, 7, 7, 2, 5, 7, 4, 7, 1, 6, 6, 7, 2, 3, 4, 1, 7, 4, 7, 7, 7, 6, 7, 5, 7, 7, 7, 7, 6, 4, 5, 6, 7, 2, 3, 7, 7, 7, 7, 7, 7, 7, 7, 5, 1, 5, 7, 6, 7, 7, 7, 7, 7, 7, 4, 6, 6, 3, 5, 7, 4, 3, 1, 7, 7, 4, 7, 7, 1, 5, 7, 6, 7, 6, 4, 6, 1, 7, 7, 6, 7, 2, 4, 7, 6, 6, 4, 3, 2, 7, 6, 7, 7, 6, 6, 3, 3, 2, 6, 6, 6, 7, 6, 7, 7, 7, 2, 6, 4, 6, 7, 6, 1, 7, 5, 3, 3, 6, 6, 1, 2, 1, 6, 7, 6, 7, 7, 7, 3, 5, 5, 1, 4, 6, 7, 7, 6, 7, 3, 1, 3, 7, 2, 2, 1, 6, 5, 7, 6, 2, 6, 4, 2, 7, 4, 4, 4, 6, 4, 3, 4, 5, 7, 2, 4, 4, 4, 3, 2, 4, 4, 2, 3, 3, 1, 1, 7, 6, 1, 7, 4, 6, 7, 3, 3, 7, 6, 2, 4, 5, 7, 7, 6, 1, 6, 7, 2, 3, 7, 4, 7, 7, 1, 7, 6, 5, 3, 1, 4, 7, 1, 1, 1, 4, 3, 7, 2, 7, 5, 6, 4, 7, 7, 2, 1, 3, 2, 7, 4, 5, 4, 2, 5, 7, 3, 7, 5, 1, 1, 5, 5, 5, 6, 2, 6, 7, 7, 2, 5, 4, 5, 1, 7, 3, 3, 2, 3, 2, 7, 6, 1, 6, 5, 6, 7, 3, 7, 6, 1, 1, 1, 7, 1, 7, 3, 1, 1, 6, 6, 5, 3, 5, 4, 7, 3, 2, 2, 6, 1, 7, 7, 1, 5, 2, 4, 2, 7, 7, 2, 6, 1, 6, 4, 6, 1, 4, 2, 5, 4, 6, 6, 6, 1, 6, 3, 5, 5, 1, 1, 3, 7, 6, 7, 7, 3, 6, 2, 4, 6, 4, 6, 3, 1, 3, 7, 6, 2, 7, 2, 3, 7, 3, 4, 2, 7, 7, 5, 5, 2, 3, 4, 5, 6, 5, 1, 7, 3, 7, 5, 7, 1, 2, 7, 6, 7, 2, 7, 2, 3, 1, 3, 7, 6, 2, 2, 1, 7, 4, 5, 7, 4, 7, 7, 7, 6, 5, 7, 5, 7, 7, 1, 6, 6, 6, 3, 5, 2, 6, 1, 6, 7, 6, 7, 7, 3, 1, 7, 3, 2, 7, 6, 6, 7, 7, 6, 4, 3, 5, 7, 7, 7, 6, 6, 7, 6, 7, 6, 7, 3, 3, 6, 7, 7, 7, 7, 7, 6, 5, 3, 4, 4, 6, 6, 1, 7, 7, 7, 7, 6, 7, 4, 3, 6, 6, 7, 6, 1, 1, 1, 7, 7, 5, 7, 5, 5, 1, 6, 5, 6, 6, 6, 4, 5, 2, 3, 2, 7, 7, 3, 6, 1, 7, 1, 6, 6, 6, 2, 6, 2, 1, 6, 7, 6, 1, 2, 2, 3, 6, 7, 6, 7, 7, 2, 6, 7, 4, 7, 6, 1, 6, 7, 6, 5, 2, 7, 7, 6, 1, 1, 2, 2, 6, 6, 7, 2, 3, 7, 6, 7, 2, 6, 6, 5, 6, 7, 1, 7, 3, 6, 6, 3, 1, 3, 3, 1, 1, 7, 6, 7, 1, 7, 6, 4, 4, 1, 6, 7, 6, 7, 7, 7, 6, 6, 7, 1, 1, 3, 3, 1, 7, 7, 7, 1, 6, 6, 2, 4, 4, 2, 7, 5, 6, 6, 4, 7, 6, 7, 7, 7, 5, 2, 7, 7, 7, 1, 6, 3, 1, 3, 7, 7, 6, 6, 7, 6, 3, 1, 4, 5, 7, 6, 7, 3, 7, 6, 6, 6, 7, 6, 7, 5, 4, 7, 2, 6, 6, 7, 7, 5, 1, 4, 1, 4, 6, 7, 7, 7, 7, 6, 4, 1, 6, 1, 7, 7, 1, 7, 7, 6, 4, 3, 6, 1, 7, 4, 7, 6, 6, 1, 2, 7, 1, 6, 4, 3, 6, 6]
16, 4, [4402.63333333333, 34531.6403229445, 42293.4840852999, 32.2254338149876], [6, 3, 5, 2, 6, 7, 7, 7, 4, 1, 4, 7, 2, 1, 6, 5, 4, 2, 5, 2, 7, 4, 5, 2, 3, 3, 2, 3, 7, 1, 2, 2, 3, 1, 3, 6, 1, 6, 4, 3, 6, 7, 7, 2, 7, 5, 2, 6, 6, 2, 1, 5, 2, 4, 1, 2, 7, 3, 3, 1, 3, 7, 1, 7, 2, 6, 6, 5, 5, 3, 4, 1, 1, 2, 2, 4, 6, 4, 3, 4, 1, 1, 7, 3, 5, 6, 4, 6, 7, 2, 6, 3, 7, 7, 1, 4, 5, 6, 1, 3, 5, 7, 3, 4, 3, 7, 4, 2, 6, 3, 7, 7, 5, 2, 2, 5, 2, 7, 6, 5, 7, 3, 2, 4, 7, 3, 6, 7, 7, 1, 5, 3, 7, 4, 3, 4, 1, 6, 7, 7, 7, 7, 6, 6, 7, 4, 5, 4, 1, 7, 3, 7, 5, 7, 4, 5, 1, 5, 7, 5, 4, 4, 3, 3, 1, 7, 7, 3, 2, 1, 5, 1, 5, 7, 7, 7, 5, 4, 7, 7, 4, 5, 3, 7, 5, 4, 2, 7, 4, 5, 7, 5, 4, 7, 1, 3, 7, 2, 5, 7, 7, 7, 6, 3, 4, 7, 2, 6, 6, 7, 7, 2, 5, 2, 1, 4, 7, 6, 7, 7, 7, 3, 3, 1, 6, 1, 7, 7, 6, 1, 2, 6, 3, 2, 6, 3, 2, 7, 6, 7, 2, 6, 6, 6, 5, 4, 3, 2, 7, 2, 6, 1, 2, 5, 3, 5, 7, 6, 6, 5, 1, 2, 1, 1, 4, 5, 2, 7, 7, 5, 1, 2, 6, 5, 5, 5, 7, 7, 6, 6, 2, 7, 6, 5, 3, 7, 6, 2, 6, 1, 7, 5, 2, 7, 1, 2, 5, 6, 2, 5, 5, 7, 6, 6, 4, 2, 5, 2, 5, 2, 3, 2, 7, 7, 5, 1, 2, 3, 4, 4, 5, 5, 7, 6, 1, 7, 3, 4, 7, 5, 2, 1, 1, 3, 5, 7, 2, 4, 2, 6, 4, 4, 1, 7, 4, 7, 7, 3, 7, 6, 6, 4, 6, 3, 7, 4, 2, 3, 2, 6, 3, 2, 4, 5, 4, 2, 7, 5, 7, 1, 4, 6, 2, 2, 6, 7, 6, 2, 5, 4, 1, 5, 6, 3, 5, 6, 4, 6, 1, 2, 2, 2, 5, 7, 7, 7, 2, 1, 1, 6, 7, 7, 7, 2, 6, 4, 6, 1, 4, 3, 7, 3, 6, 6, 3, 4, 5, 1, 6, 7, 7, 6, 7, 4, 6, 7, 1, 3, 1, 6, 2, 4, 3, 1, 6, 4, 7, 1, 6, 3, 5, 6, 5, 2, 5, 1, 1, 7, 5, 1, 3, 7, 2, 5, 1, 7, 1, 4, 5, 7, 5, 7, 5, 6, 7, 6, 4, 2, 4, 4, 5, 7, 3, 6, 7, 4, 1, 2, 3, 5, 6, 4, 4, 6, 2, 2, 4, 7, 3, 6, 3, 7, 1, 4, 3, 7, 3, 3, 2, 6, 6, 5, 7, 3, 1, 2, 7, 1, 7, 1, 6, 1, 4, 6, 5, 6, 1, 7, 7, 4, 6, 6, 1, 7, 1, 7, 2, 7, 2, 4, 5, 6, 5, 7, 3, 4, 5, 7, 1, 7, 6, 6, 3, 6, 6, 7, 4, 4, 2, 6, 7, 3, 5, 7, 4, 4, 1, 3, 5, 4, 1, 7, 6, 5, 4, 4, 7, 4, 5, 7, 2, 4, 7, 6, 6, 1, 7, 7, 2, 5, 7, 4, 7, 1, 6, 6, 7, 2, 3, 4, 1, 7, 4, 7, 7, 7, 6, 7, 5, 7, 7, 7, 7, 6, 4, 5, 6, 7, 2, 3, 7, 7, 7, 7, 7, 7, 7, 7, 5, 1, 5, 7, 6, 7, 7, 7, 7, 7, 7, 4, 6, 6, 3, 5, 7, 4, 3, 1, 7, 7, 4, 7, 7, 1, 5, 7, 6, 7, 6, 4, 6, 1, 7, 7, 6, 7, 2, 4, 7, 6, 6, 4, 3, 2, 7, 6, 7, 7, 6, 6, 5, 3, 2, 6, 6, 6, 7, 6, 7, 7, 7, 2, 6, 4, 6, 7, 6, 1, 7, 5, 3, 3, 6, 6, 1, 2, 1, 6, 7, 6, 7, 7, 7, 3, 5, 5, 1, 4, 6, 7, 7, 6, 7, 3, 1, 3, 7, 2, 2, 1, 6, 5, 7, 6, 2, 6, 4, 2, 7, 4, 4, 4, 6, 4, 3, 4, 5, 7, 2, 4, 4, 4, 3, 2, 4, 4, 2, 3, 3, 1, 1, 7, 6, 1, 7, 4, 6, 7, 3, 3, 7, 6, 2, 4, 5, 7, 7, 6, 1, 6, 7, 2, 3, 7, 4, 7, 7, 1, 7, 6, 5, 3, 1, 4, 7, 1, 1, 1, 4, 3, 7, 2, 7, 5, 6, 4, 7, 7, 2, 1, 6, 2, 7, 4, 5, 4, 2, 5, 7, 3, 7, 5, 1, 1, 5, 5, 5, 6, 2, 6, 7, 7, 2, 5, 4, 5, 1, 7, 3, 3, 2, 3, 2, 7, 6, 1, 6, 5, 6, 7, 3, 7, 6, 1, 1, 1, 7, 1, 7, 3, 1, 1, 6, 6, 5, 3, 5, 4, 7, 3, 2, 2, 6, 1, 7, 7, 1, 5, 2, 4, 2, 7, 7, 2, 6, 1, 6, 4, 6, 1, 4, 2, 5, 4, 6, 6, 6, 1, 6, 3, 5, 5, 1, 1, 3, 7, 6, 7, 7, 3, 6, 2, 4, 6, 4, 6, 3, 1, 3, 7, 6, 2, 7, 2, 3, 7, 3, 4, 2, 7, 7, 5, 5, 2, 3, 4, 5, 6, 5, 1, 7, 3, 7, 5, 7, 1, 2, 7, 6, 7, 2, 7, 2, 3, 1, 3, 7, 6, 2, 2, 1, 7, 4, 5, 7, 4, 7, 7, 7, 6, 5, 7, 5, 7, 7, 1, 6, 6, 6, 3, 5, 2, 6, 1, 6, 7, 6, 7, 7, 3, 1, 7, 3, 2, 7, 6, 6, 7, 7, 6, 4, 3, 5, 7, 7, 7, 6, 6, 7, 6, 7, 6, 7, 3, 3, 6, 7, 7, 7, 7, 7, 6, 5, 3, 4, 4, 6, 6, 1, 7, 7, 7, 7, 6, 7, 4, 3, 6, 6, 7, 6, 1, 1, 1, 7, 7, 5, 7, 5, 5, 1, 6, 5, 6, 6, 6, 4, 5, 2, 3, 2, 7, 7, 3, 6, 1, 7, 1, 6, 6, 5, 2, 6, 2, 1, 6, 7, 6, 1, 2, 2, 3, 6, 7, 6, 7, 7, 2, 6, 7, 4, 7, 6, 1, 6, 7, 6, 5, 2, 7, 7, 6, 1, 1, 2, 2, 6, 6, 7, 2, 3, 7, 6, 7, 2, 6, 6, 5, 6, 7, 1, 7, 3, 6, 6, 3, 1, 3, 3, 1, 1, 7, 6, 7, 1, 7, 6, 4, 4, 1, 6, 7, 6, 7, 7, 7, 6, 6, 7, 1, 1, 3, 3, 1, 7, 7, 7, 1, 6, 6, 2, 4, 4, 2, 7, 5, 6, 6, 4, 7, 6, 7, 7, 7, 5, 2, 7, 7, 7, 1, 6, 3, 1, 3, 7, 7, 6, 6, 7, 6, 3, 1, 4, 5, 7, 6, 7, 4, 7, 6, 6, 6, 7, 6, 7, 5, 4, 7, 2, 6, 6, 7, 7, 5, 1, 4, 1, 4, 6, 7, 7, 7, 7, 6, 4, 1, 6, 1, 7, 7, 1, 7, 7, 6, 4, 3, 6, 1, 7, 4, 7, 6, 6, 1, 2, 7, 1, 6, 4, 3, 6, 6]
17, 0, [853.166666666667, 54786.2564458678, 43736.4846080899, 24.087818867946], [1, 2, 3, 4, 5, 6, 7, 3, 3, 3, 3, 3, 3, 3, 3, 3, 3, 3, 3, 3, 3, 3, 3, 3, 3, 3, 3, 3, 3, 3, 3, 3, 3, 3, 3, 3, 3, 3, 3, 3, 3, 3, 3, 3, 3, 3, 3, 3, 3, 3, 3, 3, 3, 3, 3, 3, 3, 3, 3, 3, 3, 3, 3, 3, 3, 3, 3, 3, 3, 3, 3, 3, 3, 3, 3, 3, 3, 3, 3, 3, 3, 3, 3, 3, 3, 3, 3, 3, 3, 3, 3, 3, 3, 3, 3, 3, 3, 3, 3, 3, 3, 3, 3, 3, 3, 3, 3, 3, 3, 3, 6, 3, 3, 3, 3, 3, 3, 6, 6, 3, 3, 3, 3, 3, 3, 3, 6, 7, 3, 3, 3, 3, 6, 3, 3, 3, 3, 6, 7, 6, 3, 3, 3, 6, 6, 3, 3, 3, 3, 7, 3, 7, 3, 3, 3, 3, 3, 3, 6, 3, 3, 3, 3, 3, 3, 7, 7, 3, 3, 3, 3, 3, 3, 7, 6, 3, 3, 3, 3, 3, 3, 3, 3, 7, 3, 3, 3, 3, 3, 3, 3, 3, 3, 3, 3, 3, 3, 3, 3, 6, 6, 3, 3, 3, 3, 3, 3, 3, 3, 7, 6, 3, 3, 3, 3, 3, 3, 3, 3, 7, 3, 3, 3, 3, 3, 3, 3, 3, 3, 3, 3, 3, 3, 3, 3, 3, 3, 3, 3, 7, 3, 3, 3, 3, 3, 3, 3, 3, 3, 3, 3, 3, 3, 3, 3, 3, 3, 3, 3, 3, 3, 3, 3, 3, 3, 3, 3, 3, 3, 3, 3, 3, 3, 3, 3, 3, 7, 3, 3, 3, 3, 3, 3, 3, 3, 6, 3, 3, 3, 3, 3, 3, 3, 3, 3, 3, 3, 3, 3, 3, 3, 3, 3, 6, 3, 3, 3, 3, 3, 3, 3, 3, 3, 6, 3, 3, 3, 3, 3, 3, 3, 3, 3, 6, 3, 3, 3, 3, 3, 3, 3, 3, 3, 3, 3, 7, 3, 3, 3, 3, 3, 3, 3, 3, 3, 3, 3, 3, 3, 3, 3, 3, 3, 3, 3, 3, 3, 3, 3, 3, 3, 3, 3, 3, 3, 3, 3, 3, 6, 3, 3, 3, 3, 3, 3, 3, 3, 3, 3, 3, 3, 3, 6, 3, 3, 3, 3, 3, 3, 3, 3, 3, 3, 3, 6, 3, 3, 3, 3, 3, 3, 3, 3, 3, 3, 3, 6, 3, 3, 3, 3, 3, 3, 3, 3, 3, 3, 3, 3, 7, 3, 3, 7, 3, 3, 3, 3, 3, 3, 3, 3, 3, 3, 3, 3, 3, 7, 3, 3, 3, 3, 3, 3, 3, 3, 3, 3, 3, 3, 3, 3, 3, 3, 3, 3, 3, 3, 3, 3, 3, 3, 3, 3, 3, 7, 3, 3, 3, 3, 3, 3, 3, 3, 3, 3, 3, 3, 3, 3, 3, 3, 3, 3, 3, 3, 3, 3, 3, 3, 3, 3, 3, 3, 3, 3, 7, 3, 3, 3, 3, 3, 3, 3, 3, 3, 3, 7, 3, 3, 3, 6, 3, 3, 3, 3, 3, 3, 7, 3, 3, 3, 6, 3, 3, 3, 3, 3, 3, 3, 3, 3, 6, 3, 3, 3, 3, 3, 3, 3, 6, 6, 3, 3, 3, 3, 3, 3, 3, 3, 3, 6, 3, 3, 6, 3, 3, 3, 3, 3, 3, 3, 6, 6, 3, 3, 3, 3, 3, 3, 3, 3, 3, 7, 6, 6, 3, 6, 3, 3, 3, 7, 3, 3, 3, 6, 6, 6, 3, 3, 3, 3, 7, 3, 7, 3, 6, 3, 3, 3, 6, 7, 7, 7, 6, 3, 3, 6, 6, 3, 3, 7, 7, 7, 7, 7, 7, 6, 6, 3, 3, 3, 3, 6, 7, 7, 3, 7, 7, 7, 3, 6, 6, 3, 3, 6, 3, 3, 3, 7, 3, 3, 7, 7, 3, 3, 6, 6, 6, 6, 3, 3, 3, 7, 7, 6, 7, 3, 3, 3, 6, 6, 3, 3, 3, 7, 3, 6, 3, 3, 3, 3, 3, 3, 6, 6, 6, 7, 3, 7, 7, 7, 3, 3, 3, 6, 6, 6, 3, 7, 3, 3, 3, 3, 3, 3, 3, 3, 6, 6, 6, 7, 3, 3, 3, 3, 3, 3, 3, 3, 6, 6, 6, 7, 3, 3, 3, 3, 3, 3, 3, 3, 3, 6, 6, 3, 3, 3, 3, 6, 3, 3, 3, 3, 3, 3, 3, 3, 3, 3, 3, 3, 3, 3, 3, 3, 3, 3, 3, 3, 3, 3, 3, 3, 3, 3, 3, 3, 7, 3, 3, 3, 3, 3, 3, 3, 7, 7, 3, 3, 3, 3, 3, 3, 3, 3, 7, 7, 3, 3, 6, 3, 3, 3, 3, 3, 3, 3, 3, 3, 3, 7, 3, 3, 3, 3, 3, 7, 7, 3, 3, 3, 3, 3, 3, 3, 3, 3, 3, 7, 3, 3, 3, 3, 3, 3, 3, 3, 3, 3, 3, 3, 3, 3, 3, 3, 3, 3, 3, 3, 3, 3, 3, 3, 3, 3, 3, 3, 3, 3, 3, 3, 6, 6, 3, 3, 3, 3, 3, 3, 3, 3, 3, 6, 6, 3, 3, 3, 3, 3, 3, 3, 3, 6, 3, 3, 3, 3, 3, 3, 3, 3, 3, 3, 3, 6, 3, 3, 3, 3, 3, 3, 3, 3, 3, 6, 6, 3, 3, 3, 3, 3, 3, 3, 3, 3, 6, 6, 3, 3, 3, 3, 3, 3, 3, 3, 6, 3, 3, 3, 3, 3, 3, 7, 3, 3, 6, 3, 3, 3, 3, 3, 3, 3, 3, 3, 3, 3, 3, 3, 3, 3, 3, 3, 3, 6, 3, 3, 3, 3, 3, 3, 3, 3, 3, 3, 3, 3, 6, 3, 3, 3, 7, 3, 3, 6, 3, 3, 3, 3, 3, 3, 3, 3, 6, 6, 3, 6, 6, 3, 3, 3, 3, 3, 3, 6, 6, 6, 6, 6, 3, 3, 3, 3, 3, 6, 6, 6, 6, 6, 6, 3, 3, 3, 3, 3, 6, 6, 6, 6, 6, 6, 6, 3, 3, 3, 6, 6, 7, 6, 6, 6, 6, 3, 3, 3, 3, 6, 6, 3, 6, 6, 6, 6, 6, 6, 3, 3, 6, 6, 6, 3, 3, 3, 3, 6, 6, 3, 3, 3, 3, 3, 6, 3, 3, 6, 6, 3, 3, 3, 3, 3, 6, 6, 3, 3, 3, 6, 3, 3, 3, 3, 3, 6, 3, 3, 3, 6, 3, 3, 3, 3, 3, 6, 6, 6, 3, 7, 3, 6, 6, 3, 3, 3, 3, 3, 6, 3, 3, 3, 6, 6, 6, 3, 3, 3, 3, 6, 6, 6, 3, 3, 6, 6, 6, 3, 3, 3, 3, 6, 6, 3, 3, 3, 6, 6, 3, 3, 3, 3, 3, 3, 6, 6, 3, 3, 6, 6, 3, 3, 3, 3, 3, 3, 6, 6, 7, 6, 6, 6, 3, 3, 3, 3, 3, 6, 6, 7, 3, 6, 6, 3, 3, 3, 3, 7, 3, 6, 6, 3, 6, 6, 6, 3, 7, 3, 3, 6, 6, 6, 3, 6, 3, 3, 3, 3, 3, 6, 6, 6, 6, 3, 3, 3, 3, 3, 3, 7, 3, 6, 6, 6, 6, 3, 3, 3, 3, 3, 3, 3, 6, 6, 6, 6, 3, 3, 3, 3, 3, 3, 7, 3, 6, 6, 6, 3, 3, 3, 3, 3, 7, 3, 7, 6, 6, 3, 3, 3, 3, 3, 3, 7, 6, 3, 3, 3, 7, 3, 3, 3, 3, 3, 3]
17, 1, [883.833333333333, 54596.7414168965, 43738.1245653548, 24.1469353245566], [1, 2, 3, 4, 5, 6, 7, 3, 3, 3, 3, 3, 3, 3, 3, 3, 3, 3, 3, 3, 3, 3, 3, 3, 3, 3, 3, 3, 3, 3, 3, 3, 3, 3, 3, 3, 3, 3, 3, 3, 3, 3, 3, 3, 3, 4, 3, 3, 3, 3, 3, 3, 3, 3, 3, 3, 3, 3, 3, 3, 3, 3, 3, 3, 3, 3, 3, 3, 3, 3, 3, 3, 3, 3, 3, 3, 3, 3, 3, 3, 3, 3, 3, 3, 3, 3, 3, 3, 3, 3, 3, 3, 3, 3, 3, 3, 3, 3, 3, 3, 3, 3, 3, 3, 3, 3, 3, 3, 3, 3, 6, 3, 3, 3, 3, 3, 3, 6, 6, 3, 3, 3, 3, 3, 3, 3, 6, 7, 3, 3, 3, 3, 6, 3, 3, 3, 3, 6, 7, 6, 3, 3, 3, 6, 6, 3, 3, 3, 3, 7, 3, 7, 3, 3, 3, 3, 3, 3, 6, 3, 3, 3, 3, 3, 3, 7, 7, 3, 3, 3, 3, 3, 3, 7, 6, 3, 3, 3, 3, 3, 3, 3, 3, 7, 3, 3, 3, 3, 3, 3, 3, 3, 3, 3, 3, 3, 3, 3, 3, 6, 6, 3, 3, 3, 3, 3, 3, 3, 3, 7, 6, 3, 3, 3, 3, 3, 3, 3, 3, 7, 3, 3, 3, 3, 3, 3, 3, 3, 3, 3, 3, 3, 3, 3, 3, 3, 3, 3, 3, 7, 3, 3, 3, 3, 3, 3, 3, 3, 3, 3, 3, 3, 3, 3, 3, 3, 3, 3, 3, 3, 3, 3, 3, 3, 3, 3, 3, 3, 3, 3, 3, 3, 3, 3, 3, 3, 7, 3, 3, 3, 3, 3, 3, 3, 3, 6, 3, 3, 3, 3, 1, 3, 3, 3, 3, 3, 3, 3, 3, 3, 3, 3, 3, 6, 3, 3, 3, 3, 3, 3, 3, 3, 3, 6, 3, 3, 3, 3, 2, 3, 3, 3, 3, 6, 3, 3, 3, 3, 3, 3, 3, 3, 3, 3, 3, 7, 3, 6, 3, 3, 3, 3, 3, 3, 3, 3, 3, 3, 3, 3, 3, 3, 3, 3, 3, 3, 3, 3, 3, 3, 3, 3, 3, 3, 3, 3, 3, 3, 6, 3, 3, 3, 3, 3, 3, 3, 3, 3, 3, 3, 3, 3, 6, 3, 3, 3, 3, 3, 3, 3, 3, 3, 3, 3, 6, 3, 3, 3, 3, 3, 3, 3, 3, 3, 3, 3, 6, 3, 3, 3, 3, 3, 3, 3, 3, 3, 3, 3, 3, 7, 3, 3, 7, 3, 3, 3, 3, 3, 3, 3, 3, 3, 3, 3, 3, 3, 7, 3, 3, 3, 3, 3, 3, 3, 3, 3, 3, 3, 3, 3, 3, 3, 3, 3, 3, 1, 3, 3, 3, 3, 3, 3, 3, 3, 7, 3, 3, 3, 3, 3, 3, 3, 3, 3, 3, 3, 3, 3, 3, 3, 3, 3, 3, 3, 3, 3, 3, 3, 3, 3, 3, 3, 3, 3, 3, 7, 3, 3, 3, 3, 2, 3, 3, 3, 3, 3, 7, 3, 3, 3, 6, 3, 3, 3, 3, 3, 3, 7, 3, 3, 3, 6, 3, 3, 3, 3, 3, 3, 3, 3, 3, 6, 3, 3, 3, 3, 3, 3, 3, 6, 6, 3, 3, 3, 3, 3, 3, 3, 3, 3, 6, 3, 3, 6, 3, 3, 3, 3, 3, 3, 3, 6, 6, 3, 3, 3, 3, 3, 3, 3, 3, 3, 7, 6, 6, 3, 6, 3, 3, 3, 7, 3, 3, 3, 6, 6, 6, 3, 3, 3, 3, 7, 3, 7, 3, 6, 3, 3, 3, 6, 7, 7, 7, 6, 3, 3, 6, 6, 3, 3, 7, 7, 7, 7, 7, 7, 6, 6, 3, 3, 3, 3, 6, 7, 7, 3, 7, 7, 7, 3, 6, 6, 3, 3, 6, 3, 3, 3, 7, 3, 3, 7, 7, 3, 3, 6, 6, 6, 6, 3, 3, 3, 7, 7, 6, 7, 3, 3, 3, 6, 6, 3, 3, 3, 7, 3, 6, 3, 3, 3, 3, 3, 3, 6, 6, 6, 7, 3, 7, 7, 7, 3, 3, 3, 6, 6, 6, 3, 7, 3, 3, 3, 3, 3, 3, 3, 3, 6, 6, 6, 7, 3, 3, 3, 3, 3, 3, 3, 3, 6, 6, 6, 7, 3, 3, 3, 3, 3, 3, 3, 3, 3, 6, 6, 3, 3, 3, 3, 6, 3, 3, 3, 3, 3, 3, 3, 3, 3, 3, 3, 3, 3, 3, 3, 3, 3, 3, 3, 3, 3, 3, 3, 3, 3, 3, 3, 3, 7, 3, 3, 3, 3, 3, 3, 3, 7, 7, 3, 3, 3, 3, 3, 3, 3, 3, 7, 7, 3, 3, 6, 3, 3, 3, 3, 3, 3, 3, 3, 3, 3, 7, 3, 3, 3, 3, 3, 7, 7, 3, 3, 3, 3, 3, 3, 3, 3, 3, 3, 7, 3, 3, 3, 3, 3, 3, 3, 3, 3, 3, 3, 3, 3, 3, 3, 3, 3, 3, 3, 3, 3, 3, 3, 3, 3, 3, 3, 3, 3, 3, 3, 3, 6, 6, 3, 3, 3, 3, 3, 3, 3, 3, 3, 6, 6, 3, 3, 3, 3, 3, 3, 3, 3, 6, 3, 3, 3, 3, 3, 3, 3, 3, 3, 3, 3, 6, 3, 3, 3, 3, 3, 3, 3, 3, 3, 6, 6, 3, 3, 3, 3, 3, 3, 3, 3, 3, 6, 6, 3, 3, 3, 3, 3, 3, 3, 3, 6, 3, 3, 3, 3, 3, 3, 7, 3, 3, 6, 3, 3, 3, 3, 3, 3, 3, 3, 3, 3, 3, 3, 3, 3, 3, 3, 3, 3, 6, 3, 3, 3, 3, 3, 3, 3, 3, 3, 3, 3, 3, 6, 3, 3, 3, 7, 3, 3, 6, 3, 3, 3, 3, 3, 3, 3, 3, 6, 6, 3, 6, 6, 3, 3, 3, 3, 3, 3, 6, 6, 6, 6, 6, 3, 3, 3, 3, 3, 6, 6, 6, 6, 6, 6, 3, 3, 3, 3, 3, 6, 6, 6, 6, 6, 6, 6, 3, 3, 3, 6, 6, 7, 6, 6, 6, 6, 3, 3, 3, 3, 6, 6, 3, 6, 6, 6, 6, 6, 6, 3, 3, 6, 6, 6, 3, 3, 3, 3, 6, 6, 3, 3, 3, 3, 3, 6, 3, 3, 6, 6, 3, 3, 3, 3, 3, 6, 6, 3, 3, 3, 6, 3, 3, 3, 3, 3, 7, 3, 3, 3, 6, 3, 3, 3, 3, 3, 6, 6, 6, 3, 7, 3, 6, 6, 3, 3, 3, 3, 3, 6, 3, 3, 3, 6, 6, 6, 3, 3, 3, 3, 6, 6, 6, 3, 3, 6, 6, 6, 3, 3, 3, 3, 6, 6, 3, 3, 3, 6, 6, 3, 3, 3, 1, 3, 3, 6, 6, 3, 3, 6, 6, 3, 3, 3, 3, 3, 3, 6, 6, 7, 6, 6, 6, 3, 3, 3, 3, 3, 6, 6, 7, 3, 6, 6, 3, 3, 3, 3, 7, 3, 6, 6, 3, 6, 6, 6, 3, 7, 3, 3, 6, 6, 6, 3, 6, 3, 3, 3, 3, 3, 6, 6, 6, 6, 3, 3, 3, 3, 3, 3, 7, 3, 6, 6, 6, 6, 3, 3, 3, 3, 3, 3, 3, 6, 6, 6, 6, 3, 3, 3, 3, 3, 3, 7, 3, 6, 6, 6, 3, 3, 3, 3, 3, 7, 3, 7, 6, 6, 3, 3, 3, 3, 3, 3, 7, 6, 3, 3, 3, 7, 3, 3, 3, 3, 3, 3]
17, 2, [4427.31666666667, 34333.336964792, 42307.8148320385, 32.2254338149876], [1, 3, 5, 2, 6, 7, 7, 7, 4, 1, 4, 7, 2, 1, 6, 5, 4, 2, 5, 2, 7, 4, 5, 2, 3, 3, 2, 3, 7, 1, 2, 2, 3, 1, 3, 6, 1, 6, 4, 3, 6, 7, 7, 2, 7, 5, 2, 6, 6, 2, 1, 5, 2, 4, 1, 2, 7, 3, 3, 1, 3, 7, 1, 7, 2, 6, 6, 5, 5, 3, 4, 1, 1, 2, 2, 4, 6, 4, 3, 4, 1, 1, 7, 3, 5, 6, 4, 6, 7, 2, 6, 3, 7, 7, 1, 4, 5, 6, 1, 3, 5, 7, 3, 1, 3, 7, 4, 2, 6, 3, 7, 7, 5, 2, 2, 5, 2, 7, 6, 5, 7, 3, 2, 4, 7, 3, 6, 7, 7, 1, 5, 3, 7, 4, 3, 4, 1, 6, 7, 7, 7, 7, 6, 6, 7, 4, 5, 4, 1, 7, 3, 7, 5, 7, 4, 5, 1, 5, 7, 5, 4, 4, 3, 3, 1, 7, 7, 3, 2, 1, 5, 1, 5, 7, 7, 7, 5, 4, 7, 7, 4, 5, 3, 7, 5, 4, 2, 7, 4, 5, 7, 5, 4, 7, 1, 3, 7, 2, 5, 7, 7, 7, 6, 3, 4, 7, 2, 6, 6, 7, 7, 2, 5, 2, 1, 4, 7, 6, 7, 7, 3, 3, 3, 1, 6, 1, 7, 7, 6, 1, 2, 6, 3, 2, 6, 3, 2, 7, 6, 7, 2, 6, 6, 6, 5, 4, 3, 2, 7, 2, 6, 1, 2, 5, 6, 5, 7, 6, 6, 5, 1, 2, 1, 1, 4, 5, 2, 7, 7, 5, 1, 2, 6, 5, 5, 5, 7, 7, 6, 6, 2, 7, 6, 5, 3, 7, 6, 2, 6, 1, 7, 5, 2, 7, 1, 2, 5, 6, 2, 5, 5, 7, 6, 6, 4, 2, 5, 2, 5, 2, 3, 2, 7, 7, 5, 1, 2, 3, 4, 4, 5, 5, 7, 6, 1, 7, 3, 7, 7, 5, 2, 1, 1, 3, 5, 7, 2, 4, 2, 6, 4, 4, 1, 7, 4, 7, 7, 3, 7, 6, 6, 4, 6, 3, 7, 4, 2, 3, 2, 6, 3, 2, 4, 5, 4, 2, 7, 5, 7, 1, 4, 6, 2, 2, 6, 7, 6, 2, 5, 4, 1, 5, 6, 3, 5, 6, 4, 6, 1, 2, 2, 2, 5, 7, 7, 7, 2, 1, 1, 6, 7, 7, 7, 2, 6, 4, 6, 1, 4, 3, 7, 3, 6, 6, 3, 4, 1, 1, 6, 7, 7, 6, 7, 4, 6, 7, 1, 3, 1, 6, 2, 4, 3, 1, 6, 4, 7, 1, 6, 3, 5, 6, 5, 2, 5, 1, 1, 7, 5, 1, 3, 7, 2, 5, 1, 7, 1, 4, 5, 7, 5, 7, 5, 6, 7, 6, 4, 2, 4, 4, 5, 7, 3, 6, 7, 4, 1, 2, 3, 5, 6, 4, 4, 6, 2, 2, 4, 7, 3, 6, 3, 7, 1, 4, 3, 7, 3, 3, 2, 6, 6, 5, 7, 3, 1, 2, 7, 1, 7, 1, 6, 1, 4, 6, 5, 6, 1, 7, 7, 4, 6, 6, 1, 7, 1, 7, 2, 7, 2, 4, 5, 6, 5, 7, 3, 4, 5, 7, 1, 7, 6, 6, 3, 6, 6, 7, 4, 4, 2, 6, 7, 3, 5, 7, 4, 4, 1, 3, 5, 4, 1, 7, 6, 5, 4, 4, 7, 4, 5, 7, 2, 4, 7, 6, 6, 1, 7, 7, 2, 5, 7, 4, 7, 1, 6, 6, 7, 2, 3, 4, 1, 7, 4, 7, 7, 7, 6, 7, 5, 7, 7, 7, 7, 6, 4, 5, 6, 7, 2, 3, 7, 7, 7, 7, 7, 7, 7, 7, 5, 1, 5, 7, 6, 7, 7, 7, 7, 7, 7, 4, 6, 6, 3, 5, 7, 4, 3, 1, 7, 7, 4, 7, 7, 1, 5, 7, 6, 7, 6, 4, 6, 1, 7, 7, 6, 7, 2, 4, 7, 6, 6, 4, 3, 2, 7, 6, 7, 7, 6, 6, 3, 3, 2, 6, 6, 6, 7, 6, 7, 7, 7, 2, 6, 4, 6, 7, 6, 1, 7, 5, 3, 3, 6, 6, 1, 2, 1, 6, 7, 6, 7, 7, 7, 3, 5, 5, 1, 4, 6, 7, 7, 6, 7, 3, 1, 3, 7, 2, 2, 1, 6, 5, 7, 6, 2, 6, 4, 2, 7, 4, 4, 4, 6, 4, 3, 4, 5, 7, 2, 4, 4, 4, 3, 2, 4, 4, 2, 3, 3, 1, 1, 7, 6, 1, 7, 4, 6, 7, 3, 3, 7, 6, 2, 4, 5, 7, 7, 6, 1, 6, 7, 2, 3, 7, 4, 7, 7, 1, 7, 6, 5, 3, 1, 4, 7, 1, 1, 1, 4, 3, 7, 2, 7, 5, 6, 4, 7, 7, 2, 1, 3, 2, 7, 4, 5, 4, 2, 5, 7, 3, 7, 5, 1, 1, 5, 5, 5, 6, 2, 6, 7, 7, 2, 5, 4, 5, 1, 7, 3, 3, 2, 3, 2, 7, 6, 1, 6, 5, 6, 7, 3, 7, 6, 1, 1, 1, 7, 1, 7, 3, 1, 1, 6, 6, 5, 3, 5, 4, 7, 3, 2, 2, 6, 1, 7, 7, 1, 5, 2, 4, 2, 7, 7, 2, 6, 1, 6, 4, 6, 1, 4, 2, 5, 4, 6, 6, 6, 1, 6, 3, 5, 5, 1, 1, 3, 7, 6, 7, 7, 3, 6, 2, 4, 6, 4, 6, 3, 1, 3, 7, 6, 2, 7, 2, 3, 7, 3, 4, 2, 7, 7, 5, 5, 2, 3, 4, 5, 6, 5, 1, 7, 3, 7, 5, 7, 1, 2, 7, 6, 7, 2, 7, 2, 3, 1, 3, 7, 6, 2, 2, 1, 7, 4, 5, 7, 4, 7, 7, 7, 6, 5, 7, 5, 7, 7, 1, 6, 6, 6, 3, 5, 2, 6, 1, 6, 7, 6, 7, 7, 3, 1, 7, 3, 2, 7, 6, 6, 7, 7, 6, 4, 3, 5, 7, 7, 7, 6, 6, 7, 6, 7, 6, 7, 3, 3, 6, 7, 7, 7, 7, 7, 6, 5, 3, 4, 4, 6, 6, 1, 7, 7, 7, 7, 6, 7, 4, 3, 6, 6, 7, 6, 1, 1, 1, 7, 7, 5, 7, 5, 5, 1, 6, 5, 6, 6, 6, 4, 5, 2, 3, 2, 7, 7, 3, 6, 1, 7, 1, 6, 6, 6, 2, 6, 2, 1, 6, 7, 6, 1, 2, 2, 3, 6, 7, 6, 7, 7, 2, 6, 7, 4, 7, 6, 1, 6, 7, 6, 5, 2, 7, 7, 6, 1, 1, 2, 2, 6, 6, 7, 2, 3, 7, 6, 7, 2, 6, 6, 5, 6, 7, 1, 7, 3, 6, 6, 3, 1, 3, 3, 1, 1, 7, 6, 7, 1, 7, 6, 4, 4, 1, 6, 7, 6, 7, 7, 7, 6, 6, 7, 1, 1, 3, 3, 1, 7, 7, 7, 1, 6, 6, 2, 4, 4, 2, 7, 5, 6, 6, 4, 7, 6, 7, 7, 7, 5, 2, 7, 7, 7, 1, 6, 3, 1, 3, 7, 7, 6, 6, 7, 6, 3, 1, 4, 5, 7, 6, 7, 3, 7, 6, 6, 6, 7, 6, 7, 5, 4, 7, 2, 6, 6, 7, 7, 5, 1, 4, 1, 4, 6, 7, 7, 7, 7, 6, 4, 1, 6, 1, 7, 7, 1, 7, 7, 6, 4, 3, 6, 1, 7, 4, 7, 6, 6, 1, 2, 7, 1, 6, 4, 3, 6, 6]
17, 3, [4402.63333333333, 34531.6403229445, 42293.4840852999, 32.2254338149876], [6, 3, 5, 2, 6, 7, 7, 7, 4, 1, 4, 7, 2, 1, 6, 5, 4, 2, 5, 2, 7, 4, 5, 2, 3, 3, 2, 3, 7, 1, 2, 2, 3, 1, 3, 6, 1, 6, 4, 3, 6, 7, 7, 2, 7, 5, 2, 6, 6, 2, 1, 5, 2, 4, 1, 2, 7, 3, 3, 1, 3, 7, 1, 7, 2, 6, 6, 5, 5, 3, 4, 1, 1, 2, 2, 4, 6, 4, 3, 4, 1, 1, 7, 3, 5, 6, 4, 6, 7, 2, 6, 3, 7, 7, 1, 4, 5, 6, 1, 3, 5, 7, 3, 4, 3, 7, 4, 2, 6, 3, 7, 7, 5, 2, 2, 5, 2, 7, 6, 5, 7, 3, 2, 4, 7, 3, 6, 7, 7, 1, 5, 3, 7, 4, 3, 4, 1, 6, 7, 7, 7, 7, 6, 6, 7, 4, 5, 4, 1, 7, 3, 7, 5, 7, 4, 5, 1, 5, 7, 5, 4, 4, 3, 3, 1, 7, 7, 3, 2, 1, 5, 1, 5, 7, 7, 7, 5, 4, 7, 7, 4, 5, 3, 7, 5, 4, 2, 7, 4, 5, 7, 5, 4, 7, 1, 3, 7, 2, 5, 7, 7, 7, 6, 3, 4, 7, 2, 6, 6, 7, 7, 2, 5, 2, 1, 4, 7, 6, 7, 7, 7, 3, 3, 1, 6, 1, 7, 7, 6, 1, 2, 6, 3, 2, 6, 3, 2, 7, 6, 7, 2, 6, 6, 6, 5, 4, 3, 2, 7, 2, 6, 1, 2, 5, 3, 5, 7, 6, 6, 5, 1, 2, 1, 1, 4, 5, 2, 7, 7, 5, 1, 2, 6, 5, 5, 5, 7, 7, 6, 6, 2, 7, 6, 5, 3, 7, 6, 2, 6, 1, 7, 5, 2, 7, 1, 2, 5, 6, 2, 5, 5, 7, 6, 6, 4, 2, 5, 2, 5, 2, 3, 2, 7, 7, 5, 1, 2, 3, 4, 4, 5, 5, 7, 6, 1, 7, 3, 4, 7, 5, 2, 1, 1, 3, 5, 7, 2, 4, 2, 6, 4, 4, 1, 7, 4, 7, 7, 3, 7, 6, 6, 4, 6, 3, 7, 4, 2, 3, 2, 6, 3, 2, 4, 5, 4, 2, 7, 5, 7, 1, 4, 6, 2, 2, 6, 7, 6, 2, 5, 4, 1, 5, 6, 3, 5, 6, 4, 6, 1, 2, 2, 2, 5, 7, 7, 7, 2, 1, 1, 6, 7, 7, 7, 2, 6, 4, 6, 1, 4, 3, 7, 3, 6, 6, 3, 4, 5, 1, 6, 7, 7, 6, 7, 4, 6, 7, 1, 3, 1, 6, 2, 4, 3, 1, 6, 4, 7, 1, 6, 3, 5, 6, 5, 2, 5, 1, 1, 7, 5, 1, 3, 7, 2, 5, 1, 7, 1, 4, 5, 7, 5, 7, 5, 6, 7, 6, 4, 2, 4, 4, 5, 7, 3, 6, 7, 4, 1, 2, 3, 5, 6, 4, 4, 6, 2, 2, 4, 7, 3, 6, 3, 7, 1, 4, 3, 7, 3, 3, 2, 6, 6, 5, 7, 3, 1, 2, 7, 1, 7, 1, 6, 1, 4, 6, 5, 6, 1, 7, 7, 4, 6, 6, 1, 7, 1, 7, 2, 7, 2, 4, 5, 6, 5, 7, 3, 4, 5, 7, 1, 7, 6, 6, 3, 6, 6, 7, 4, 4, 2, 6, 7, 3, 5, 7, 4, 4, 1, 3, 5, 4, 1, 7, 6, 5, 4, 4, 7, 4, 5, 7, 2, 4, 7, 6, 6, 1, 7, 7, 2, 5, 7, 4, 7, 1, 6, 6, 7, 2, 3, 4, 1, 7, 4, 7, 7, 7, 6, 7, 5, 7, 7, 7, 7, 6, 4, 5, 6, 7, 2, 3, 7, 7, 7, 7, 7, 7, 7, 7, 5, 1, 5, 7, 6, 7, 7, 7, 7, 7, 7, 4, 6, 6, 3, 5, 7, 4, 3, 1, 7, 7, 4, 7, 7, 1, 5, 7, 6, 7, 6, 4, 6, 1, 7, 7, 6, 7, 2, 4, 7, 6, 6, 4, 3, 2, 7, 6, 7, 7, 6, 6, 5, 3, 2, 6, 6, 6, 7, 6, 7, 7, 7, 2, 6, 4, 6, 7, 6, 1, 7, 5, 3, 3, 6, 6, 1, 2, 1, 6, 7, 6, 7, 7, 7, 3, 5, 5, 1, 4, 6, 7, 7, 6, 7, 3, 1, 3, 7, 2, 2, 1, 6, 5, 7, 6, 2, 6, 4, 2, 7, 4, 4, 4, 6, 4, 3, 4, 5, 7, 2, 4, 4, 4, 3, 2, 4, 4, 2, 3, 3, 1, 1, 7, 6, 1, 7, 4, 6, 7, 3, 3, 7, 6, 2, 4, 5, 7, 7, 6, 1, 6, 7, 2, 3, 7, 4, 7, 7, 1, 7, 6, 5, 3, 1, 4, 7, 1, 1, 1, 4, 3, 7, 2, 7, 5, 6, 4, 7, 7, 2, 1, 6, 2, 7, 4, 5, 4, 2, 5, 7, 3, 7, 5, 1, 1, 5, 5, 5, 6, 2, 6, 7, 7, 2, 5, 4, 5, 1, 7, 3, 3, 2, 3, 2, 7, 6, 1, 6, 5, 6, 7, 3, 7, 6, 1, 1, 1, 7, 1, 7, 3, 1, 1, 6, 6, 5, 3, 5, 4, 7, 3, 2, 2, 6, 1, 7, 7, 1, 5, 2, 4, 2, 7, 7, 2, 6, 1, 6, 4, 6, 1, 4, 2, 5, 4, 6, 6, 6, 1, 6, 3, 5, 5, 1, 1, 3, 7, 6, 7, 7, 3, 6, 2, 4, 6, 4, 6, 3, 1, 3, 7, 6, 2, 7, 2, 3, 7, 3, 4, 2, 7, 7, 5, 5, 2, 3, 4, 5, 6, 5, 1, 7, 3, 7, 5, 7, 1, 2, 7, 6, 7, 2, 7, 2, 3, 1, 3, 7, 6, 2, 2, 1, 7, 4, 5, 7, 4, 7, 7, 7, 6, 5, 7, 5, 7, 7, 1, 6, 6, 6, 3, 5, 2, 6, 1, 6, 7, 6, 7, 7, 3, 1, 7, 3, 2, 7, 6, 6, 7, 7, 6, 4, 3, 5, 7, 7, 7, 6, 6, 7, 6, 7, 6, 7, 3, 3, 6, 7, 7, 7, 7, 7, 6, 5, 3, 4, 4, 6, 6, 1, 7, 7, 7, 7, 6, 7, 4, 3, 6, 6, 7, 6, 1, 1, 1, 7, 7, 5, 7, 5, 5, 1, 6, 5, 6, 6, 6, 4, 5, 2, 3, 2, 7, 7, 3, 6, 1, 7, 1, 6, 6, 5, 2, 6, 2, 1, 6, 7, 6, 1, 2, 2, 3, 6, 7, 6, 7, 7, 2, 6, 7, 4, 7, 6, 1, 6, 7, 6, 5, 2, 7, 7, 6, 1, 1, 2, 2, 6, 6, 7, 2, 3, 7, 6, 7, 2, 6, 6, 5, 6, 7, 1, 7, 3, 6, 6, 3, 1, 3, 3, 1, 1, 7, 6, 7, 1, 7, 6, 4, 4, 1, 6, 7, 6, 7, 7, 7, 6, 6, 7, 1, 1, 3, 3, 1, 7, 7, 7, 1, 6, 6, 2, 4, 4, 2, 7, 5, 6, 6, 4, 7, 6, 7, 7, 7, 5, 2, 7, 7, 7, 1, 6, 3, 1, 3, 7, 7, 6, 6, 7, 6, 3, 1, 4, 5, 7, 6, 7, 4, 7, 6, 6, 6, 7, 6, 7, 5, 4, 7, 2, 6, 6, 7, 7, 5, 1, 4, 1, 4, 6, 7, 7, 7, 7, 6, 4, 1, 6, 1, 7, 7, 1, 7, 7, 6, 4, 3, 6, 1, 7, 4, 7, 6, 6, 1, 2, 7, 1, 6, 4, 3, 6, 6]
17, 4, [4498.4, 33799.3755687981, 42374.5358019963, 32.033060925941], [6, 3, 5, 2, 6, 7, 7, 7, 4, 1, 4, 7, 2, 1, 6, 5, 4, 2, 5, 2, 7, 4, 5, 2, 3, 3, 2, 3, 7, 1, 2, 2, 3, 1, 3, 6, 1, 6, 4, 3, 6, 7, 7, 2, 7, 5, 2, 6, 6, 2, 1, 5, 2, 4, 1, 2, 7, 3, 1, 1, 3, 7, 1, 7, 2, 6, 6, 5, 5, 3, 4, 1, 1, 2, 2, 4, 6, 4, 3, 4, 1, 1, 7, 3, 5, 6, 4, 6, 7, 2, 6, 3, 7, 7, 1, 4, 6, 6, 1, 3, 5, 7, 3, 4, 3, 7, 4, 2, 6, 3, 7, 7, 5, 2, 2, 5, 2, 7, 6, 2, 7, 3, 2, 3, 7, 3, 6, 7, 7, 1, 5, 3, 7, 4, 3, 4, 1, 6, 7, 6, 3, 5, 6, 6, 6, 1, 5, 6, 5, 7, 7, 7, 4, 1, 5, 5, 1, 1, 7, 7, 1, 3, 1, 3, 2, 7, 7, 4, 4, 5, 4, 7, 3, 7, 6, 6, 6, 3, 5, 2, 5, 7, 3, 7, 7, 6, 7, 6, 3, 6, 6, 7, 6, 4, 3, 5, 5, 6, 7, 6, 7, 1, 3, 4, 4, 7, 1, 2, 6, 7, 7, 2, 5, 2, 1, 4, 7, 6, 7, 7, 3, 3, 3, 1, 6, 1, 7, 7, 6, 1, 2, 6, 1, 2, 6, 3, 2, 7, 6, 7, 2, 6, 6, 6, 5, 4, 3, 2, 7, 2, 6, 1, 2, 5, 6, 5, 7, 6, 6, 5, 1, 2, 1, 1, 4, 5, 2, 2, 7, 5, 1, 2, 6, 5, 5, 5, 7, 7, 6, 6, 2, 7, 6, 5, 3, 7, 6, 2, 6, 1, 7, 5, 2, 7, 1, 2, 5, 6, 2, 5, 5, 7, 6, 6, 4, 2, 5, 2, 5, 2, 3, 2, 7, 7, 5, 1, 2, 3, 4, 4, 5, 5, 7, 6, 1, 7, 3, 7, 7, 5, 1, 1, 1, 3, 5, 7, 2, 4, 2, 6, 4, 4, 1, 7, 4, 7, 7, 3, 7, 6, 6, 4, 6, 3, 7, 4, 2, 3, 2, 6, 3, 2, 4, 5, 4, 2, 7, 5, 7, 1, 4, 6, 2, 2, 6, 7, 6, 2, 5, 4, 1, 5, 7, 3, 5, 6, 4, 6, 1, 2, 2, 2, 5, 7, 7, 7, 2, 1, 1, 6, 7, 7, 7, 2, 6, 4, 6, 1, 4, 3, 7, 3, 6, 7, 3, 4, 1, 1, 6, 7, 7, 6, 7, 4, 6, 7, 1, 3, 1, 6, 2, 4, 3, 1, 6, 4, 7, 1, 6, 3, 5, 6, 5, 2, 5, 1, 1, 7, 5, 1, 3, 7, 2, 5, 1, 7, 1, 4, 5, 7, 5, 7, 5, 6, 7, 6, 4, 2, 4, 4, 5, 7, 3, 6, 7, 4, 1, 2, 3, 5, 6, 4, 4, 6, 2, 2, 4, 7, 3, 6, 3, 7, 1, 4, 3, 7, 3, 3, 2, 6, 6, 5, 7, 3, 1, 2, 7, 1, 7, 1, 6, 1, 4, 6, 5, 6, 1, 7, 7, 4, 6, 6, 1, 7, 1, 7, 2, 7, 2, 4, 5, 6, 5, 4, 3, 4, 5, 7, 1, 7, 6, 6, 3, 6, 6, 7, 4, 4, 2, 6, 7, 3, 5, 7, 4, 4, 1, 3, 5, 4, 1, 6, 6, 5, 4, 4, 7, 4, 5, 7, 2, 4, 7, 6, 6, 1, 7, 7, 2, 5, 7, 4, 7, 1, 6, 6, 7, 2, 3, 4, 1, 7, 4, 7, 7, 7, 6, 7, 5, 7, 7, 7, 7, 6, 4, 5, 6, 7, 2, 3, 7, 7, 7, 7, 7, 7, 7, 7, 5, 1, 5, 7, 6, 7, 7, 7, 7, 7, 7, 4, 6, 6, 3, 5, 7, 4, 3, 1, 7, 7, 4, 7, 7, 1, 5, 7, 6, 7, 6, 4, 6, 1, 7, 7, 6, 7, 2, 4, 7, 6, 6, 4, 3, 2, 7, 6, 7, 7, 6, 6, 3, 3, 2, 6, 6, 6, 7, 6, 7, 7, 7, 2, 6, 4, 6, 7, 6, 1, 1, 5, 3, 3, 6, 6, 1, 2, 1, 6, 7, 6, 7, 7, 7, 3, 5, 5, 1, 4, 6, 7, 7, 6, 6, 3, 1, 3, 7, 2, 2, 1, 6, 5, 7, 6, 2, 6, 4, 2, 6, 4, 4, 4, 6, 4, 3, 4, 5, 7, 2, 4, 4, 4, 3, 2, 4, 4, 2, 3, 3, 1, 1, 7, 6, 1, 7, 4, 6, 7, 3, 3, 7, 6, 2, 4, 5, 7, 7, 6, 1, 6, 7, 2, 3, 7, 4, 7, 7, 1, 7, 6, 5, 3, 1, 4, 7, 1, 1, 1, 4, 3, 7, 2, 7, 5, 6, 4, 7, 7, 2, 1, 3, 2, 7, 4, 5, 4, 2, 5, 7, 3, 7, 5, 1, 1, 5, 5, 5, 6, 2, 6, 7, 7, 2, 5, 4, 5, 1, 7, 3, 3, 2, 3, 2, 7, 6, 1, 6, 5, 6, 7, 3, 7, 6, 1, 1, 1, 7, 1, 2, 3, 1, 1, 6, 6, 5, 3, 5, 4, 7, 3, 2, 2, 6, 1, 7, 7, 1, 5, 2, 4, 2, 7, 7, 2, 6, 1, 6, 4, 6, 1, 4, 2, 5, 4, 6, 6, 6, 1, 6, 3, 5, 5, 1, 1, 3, 7, 6, 7, 7, 3, 6, 2, 4, 6, 4, 6, 3, 1, 3, 7, 6, 2, 7, 2, 3, 7, 3, 4, 2, 7, 7, 5, 5, 2, 3, 4, 5, 6, 5, 7, 7, 3, 7, 5, 7, 1, 2, 7, 6, 7, 2, 7, 2, 3, 1, 3, 7, 6, 6, 2, 1, 7, 4, 5, 7, 4, 7, 7, 7, 6, 5, 7, 5, 7, 7, 1, 6, 6, 6, 3, 5, 2, 6, 1, 6, 7, 6, 7, 7, 3, 1, 7, 3, 2, 7, 6, 6, 7, 7, 6, 4, 3, 5, 7, 7, 7, 6, 6, 7, 6, 7, 6, 7, 3, 3, 6, 7, 7, 7, 7, 7, 6, 5, 3, 4, 4, 6, 6, 1, 7, 7, 7, 7, 6, 7, 4, 3, 6, 6, 7, 6, 1, 1, 1, 7, 7, 5, 7, 5, 5, 1, 6, 5, 6, 6, 6, 4, 5, 2, 3, 2, 7, 7, 3, 6, 1, 7, 1, 6, 6, 6, 7, 6, 2, 1, 6, 7, 6, 1, 2, 2, 3, 6, 7, 6, 7, 7, 2, 6, 7, 4, 7, 6, 1, 6, 7, 6, 7, 2, 7, 7, 6, 1, 7, 2, 2, 6, 6, 7, 2, 3, 7, 6, 7, 2, 6, 6, 5, 6, 6, 1, 7, 3, 6, 6, 3, 1, 3, 3, 1, 1, 7, 6, 7, 1, 7, 6, 4, 4, 1, 6, 7, 6, 7, 7, 7, 6, 6, 7, 1, 1, 3, 3, 1, 7, 7, 7, 1, 6, 6, 2, 4, 4, 2, 7, 5, 6, 6, 4, 7, 6, 7, 7, 7, 5, 2, 7, 7, 7, 1, 6, 3, 1, 3, 7, 7, 6, 6, 7, 6, 3, 1, 4, 5, 7, 6, 7, 3, 7, 6, 6, 6, 7, 6, 4, 5, 4, 7, 2, 6, 6, 7, 7, 5, 1, 4, 1, 4, 6, 7, 7, 7, 7, 6, 4, 1, 6, 1, 7, 7, 1, 7, 7, 6, 4, 3, 6, 1, 7, 4, 7, 6, 6, 1, 2, 7, 1, 6, 5, 3, 6, 6]
18, 0, [853.166666666667, 54786.2564458678, 43736.4846080899, 24.087818867946], [1, 2, 3, 4, 5, 6, 7, 3, 3, 3, 3, 3, 3, 3, 3, 3, 3, 3, 3, 3, 3, 3, 3, 3, 3, 3, 3, 3, 3, 3, 3, 3, 3, 3, 3, 3, 3, 3, 3, 3, 3, 3, 3, 3, 3, 3, 3, 3, 3, 3, 3, 3, 3, 3, 3, 3, 3, 3, 3, 3, 3, 3, 3, 3, 3, 3, 3, 3, 3, 3, 3, 3, 3, 3, 3, 3, 3, 3, 3, 3, 3, 3, 3, 3, 3, 3, 3, 3, 3, 3, 3, 3, 3, 3, 3, 3, 3, 3, 3, 3, 3, 3, 3, 3, 3, 3, 3, 3, 3, 3, 6, 3, 3, 3, 3, 3, 3, 6, 6, 3, 3, 3, 3, 3, 3, 3, 6, 7, 3, 3, 3, 3, 6, 3, 3, 3, 3, 6, 7, 6, 3, 3, 3, 6, 6, 3, 3, 3, 3, 7, 3, 7, 3, 3, 3, 3, 3, 3, 6, 3, 3, 3, 3, 3, 3, 7, 7, 3, 3, 3, 3, 3, 3, 7, 6, 3, 3, 3, 3, 3, 3, 3, 3, 7, 3, 3, 3, 3, 3, 3, 3, 3, 3, 3, 3, 3, 3, 3, 3, 6, 6, 3, 3, 3, 3, 3, 3, 3, 3, 7, 6, 3, 3, 3, 3, 3, 3, 3, 3, 7, 3, 3, 3, 3, 3, 3, 3, 3, 3, 3, 3, 3, 3, 3, 3, 3, 3, 3, 3, 7, 3, 3, 3, 3, 3, 3, 3, 3, 3, 3, 3, 3, 3, 3, 3, 3, 3, 3, 3, 3, 3, 3, 3, 3, 3, 3, 3, 3, 3, 3, 3, 3, 3, 3, 3, 3, 7, 3, 3, 3, 3, 3, 3, 3, 3, 6, 3, 3, 3, 3, 3, 3, 3, 3, 3, 3, 3, 3, 3, 3, 3, 3, 3, 6, 3, 3, 3, 3, 3, 3, 3, 3, 3, 6, 3, 3, 3, 3, 3, 3, 3, 3, 3, 6, 3, 3, 3, 3, 3, 3, 3, 3, 3, 3, 3, 7, 3, 3, 3, 3, 3, 3, 3, 3, 3, 3, 3, 3, 3, 3, 3, 3, 3, 3, 3, 3, 3, 3, 3, 3, 3, 3, 3, 3, 3, 3, 3, 3, 6, 3, 3, 3, 3, 3, 3, 3, 3, 3, 3, 3, 3, 3, 6, 3, 3, 3, 3, 3, 3, 3, 3, 3, 3, 3, 6, 3, 3, 3, 3, 3, 3, 3, 3, 3, 3, 3, 6, 3, 3, 3, 3, 3, 3, 3, 3, 3, 3, 3, 3, 7, 3, 3, 7, 3, 3, 3, 3, 3, 3, 3, 3, 3, 3, 3, 3, 3, 7, 3, 3, 3, 3, 3, 3, 3, 3, 3, 3, 3, 3, 3, 3, 3, 3, 3, 3, 3, 3, 3, 3, 3, 3, 3, 3, 3, 7, 3, 3, 3, 3, 3, 3, 3, 3, 3, 3, 3, 3, 3, 3, 3, 3, 3, 3, 3, 3, 3, 3, 3, 3, 3, 3, 3, 3, 3, 3, 7, 3, 3, 3, 3, 3, 3, 3, 3, 3, 3, 7, 3, 3, 3, 6, 3, 3, 3, 3, 3, 3, 7, 3, 3, 3, 6, 3, 3, 3, 3, 3, 3, 3, 3, 3, 6, 3, 3, 3, 3, 3, 3, 3, 6, 6, 3, 3, 3, 3, 3, 3, 3, 3, 3, 6, 3, 3, 6, 3, 3, 3, 3, 3, 3, 3, 6, 6, 3, 3, 3, 3, 3, 3, 3, 3, 3, 7, 6, 6, 3, 6, 3, 3, 3, 7, 3, 3, 3, 6, 6, 6, 3, 3, 3, 3, 7, 3, 7, 3, 6, 3, 3, 3, 6, 7, 7, 7, 6, 3, 3, 6, 6, 3, 3, 7, 7, 7, 7, 7, 7, 6, 6, 3, 3, 3, 3, 6, 7, 7, 3, 7, 7, 7, 3, 6, 6, 3, 3, 6, 3, 3, 3, 7, 3, 3, 7, 7, 3, 3, 6, 6, 6, 6, 3, 3, 3, 7, 7, 6, 7, 3, 3, 3, 6, 6, 3, 3, 3, 7, 3, 6, 3, 3, 3, 3, 3, 3, 6, 6, 6, 7, 3, 7, 7, 7, 3, 3, 3, 6, 6, 6, 3, 7, 3, 3, 3, 3, 3, 3, 3, 3, 6, 6, 6, 7, 3, 3, 3, 3, 3, 3, 3, 3, 6, 6, 6, 7, 3, 3, 3, 3, 3, 3, 3, 3, 3, 6, 6, 3, 3, 3, 3, 6, 3, 3, 3, 3, 3, 3, 3, 3, 3, 3, 3, 3, 3, 3, 3, 3, 3, 3, 3, 3, 3, 3, 3, 3, 3, 3, 3, 3, 7, 3, 3, 3, 3, 3, 3, 3, 7, 7, 3, 3, 3, 3, 3, 3, 3, 3, 7, 7, 3, 3, 6, 3, 3, 3, 3, 3, 3, 3, 3, 3, 3, 7, 3, 3, 3, 3, 3, 7, 7, 3, 3, 3, 3, 3, 3, 3, 3, 3, 3, 7, 3, 3, 3, 3, 3, 3, 3, 3, 3, 3, 3, 3, 3, 3, 3, 3, 3, 3, 3, 3, 3, 3, 3, 3, 3, 3, 3, 3, 3, 3, 3, 3, 6, 6, 3, 3, 3, 3, 3, 3, 3, 3, 3, 6, 6, 3, 3, 3, 3, 3, 3, 3, 3, 6, 3, 3, 3, 3, 3, 3, 3, 3, 3, 3, 3, 6, 3, 3, 3, 3, 3, 3, 3, 3, 3, 6, 6, 3, 3, 3, 3, 3, 3, 3, 3, 3, 6, 6, 3, 3, 3, 3, 3, 3, 3, 3, 6, 3, 3, 3, 3, 3, 3, 7, 3, 3, 6, 3, 3, 3, 3, 3, 3, 3, 3, 3, 3, 3, 3, 3, 3, 3, 3, 3, 3, 6, 3, 3, 3, 3, 3, 3, 3, 3, 3, 3, 3, 3, 6, 3, 3, 3, 7, 3, 3, 6, 3, 3, 3, 3, 3, 3, 3, 3, 6, 6, 3, 6, 6, 3, 3, 3, 3, 3, 3, 6, 6, 6, 6, 6, 3, 3, 3, 3, 3, 6, 6, 6, 6, 6, 6, 3, 3, 3, 3, 3, 6, 6, 6, 6, 6, 6, 6, 3, 3, 3, 6, 6, 7, 6, 6, 6, 6, 3, 3, 3, 3, 6, 6, 3, 6, 6, 6, 6, 6, 6, 3, 3, 6, 6, 6, 3, 3, 3, 3, 6, 6, 3, 3, 3, 3, 3, 6, 3, 3, 6, 6, 3, 3, 3, 3, 3, 6, 6, 3, 3, 3, 6, 3, 3, 3, 3, 3, 6, 3, 3, 3, 6, 3, 3, 3, 3, 3, 6, 6, 6, 3, 7, 3, 6, 6, 3, 3, 3, 3, 3, 6, 3, 3, 3, 6, 6, 6, 3, 3, 3, 3, 6, 6, 6, 3, 3, 6, 6, 6, 3, 3, 3, 3, 6, 6, 3, 3, 3, 6, 6, 3, 3, 3, 3, 3, 3, 6, 6, 3, 3, 6, 6, 3, 3, 3, 3, 3, 3, 6, 6, 7, 6, 6, 6, 3, 3, 3, 3, 3, 6, 6, 7, 3, 6, 6, 3, 3, 3, 3, 7, 3, 6, 6, 3, 6, 6, 6, 3, 7, 3, 3, 6, 6, 6, 3, 6, 3, 3, 3, 3, 3, 6, 6, 6, 6, 3, 3, 3, 3, 3, 3, 7, 3, 6, 6, 6, 6, 3, 3, 3, 3, 3, 3, 3, 6, 6, 6, 6, 3, 3, 3, 3, 3, 3, 7, 3, 6, 6, 6, 3, 3, 3, 3, 3, 7, 3, 7, 6, 6, 3, 3, 3, 3, 3, 3, 7, 6, 3, 3, 3, 7, 3, 3, 3, 3, 3, 3]
18, 1, [883.833333333333, 54596.7414168965, 43738.1245653548, 24.1469353245566], [1, 2, 3, 4, 5, 6, 7, 3, 3, 3, 3, 3, 3, 3, 3, 3, 3, 3, 3, 3, 3, 3, 3, 3, 3, 3, 3, 3, 3, 3, 3, 3, 3, 3, 3, 3, 3, 3, 3, 3, 3, 3, 3, 3, 3, 4, 3, 3, 3, 3, 3, 3, 3, 3, 3, 3, 3, 3, 3, 3, 3, 3, 3, 3, 3, 3, 3, 3, 3, 3, 3, 3, 3, 3, 3, 3, 3, 3, 3, 3, 3, 3, 3, 3, 3, 3, 3, 3, 3, 3, 3, 3, 3, 3, 3, 3, 3, 3, 3, 3, 3, 3, 3, 3, 3, 3, 3, 3, 3, 3, 6, 3, 3, 3, 3, 3, 3, 6, 6, 3, 3, 3, 3, 3, 3, 3, 6, 7, 3, 3, 3, 3, 6, 3, 3, 3, 3, 6, 7, 6, 3, 3, 3, 6, 6, 3, 3, 3, 3, 7, 3, 7, 3, 3, 3, 3, 3, 3, 6, 3, 3, 3, 3, 3, 3, 7, 7, 3, 3, 3, 3, 3, 3, 7, 6, 3, 3, 3, 3, 3, 3, 3, 3, 7, 3, 3, 3, 3, 3, 3, 3, 3, 3, 3, 3, 3, 3, 3, 3, 6, 6, 3, 3, 3, 3, 3, 3, 3, 3, 7, 6, 3, 3, 3, 3, 3, 3, 3, 3, 7, 3, 3, 3, 3, 3, 3, 3, 3, 3, 3, 3, 3, 3, 3, 3, 3, 3, 3, 3, 7, 3, 3, 3, 3, 3, 3, 3, 3, 3, 3, 3, 3, 3, 3, 3, 3, 3, 3, 3, 3, 3, 3, 3, 3, 3, 3, 3, 3, 3, 3, 3, 3, 3, 3, 3, 3, 7, 3, 3, 3, 3, 3, 3, 3, 3, 6, 3, 3, 3, 3, 1, 3, 3, 3, 3, 3, 3, 3, 3, 3, 3, 3, 3, 6, 3, 3, 3, 3, 3, 3, 3, 3, 3, 6, 3, 3, 3, 3, 2, 3, 3, 3, 3, 6, 3, 3, 3, 3, 3, 3, 3, 3, 3, 3, 3, 7, 3, 6, 3, 3, 3, 3, 3, 3, 3, 3, 3, 3, 3, 3, 3, 3, 3, 3, 3, 3, 3, 3, 3, 3, 3, 3, 3, 3, 3, 3, 3, 3, 6, 3, 3, 3, 3, 3, 3, 3, 3, 3, 3, 3, 3, 3, 6, 3, 3, 3, 3, 3, 3, 3, 3, 3, 3, 3, 6, 3, 3, 3, 3, 3, 3, 3, 3, 3, 3, 3, 6, 3, 3, 3, 3, 3, 3, 3, 3, 3, 3, 3, 3, 7, 3, 3, 7, 3, 3, 3, 3, 3, 3, 3, 3, 3, 3, 3, 3, 3, 7, 3, 3, 3, 3, 3, 3, 3, 3, 3, 3, 3, 3, 3, 3, 3, 3, 3, 3, 1, 3, 3, 3, 3, 3, 3, 3, 3, 7, 3, 3, 3, 3, 3, 3, 3, 3, 3, 3, 3, 3, 3, 3, 3, 3, 3, 3, 3, 3, 3, 3, 3, 3, 3, 3, 3, 3, 3, 3, 7, 3, 3, 3, 3, 2, 3, 3, 3, 3, 3, 7, 3, 3, 3, 6, 3, 3, 3, 3, 3, 3, 7, 3, 3, 3, 6, 3, 3, 3, 3, 3, 3, 3, 3, 3, 6, 3, 3, 3, 3, 3, 3, 3, 6, 6, 3, 3, 3, 3, 3, 3, 3, 3, 3, 6, 3, 3, 6, 3, 3, 3, 3, 3, 3, 3, 6, 6, 3, 3, 3, 3, 3, 3, 3, 3, 3, 7, 6, 6, 3, 6, 3, 3, 3, 7, 3, 3, 3, 6, 6, 6, 3, 3, 3, 3, 7, 3, 7, 3, 6, 3, 3, 3, 6, 7, 7, 7, 6, 3, 3, 6, 6, 3, 3, 7, 7, 7, 7, 7, 7, 6, 6, 3, 3, 3, 3, 6, 7, 7, 3, 7, 7, 7, 3, 6, 6, 3, 3, 6, 3, 3, 3, 7, 3, 3, 7, 7, 3, 3, 6, 6, 6, 6, 3, 3, 3, 7, 7, 6, 7, 3, 3, 3, 6, 6, 3, 3, 3, 7, 3, 6, 3, 3, 3, 3, 3, 3, 6, 6, 6, 7, 3, 7, 7, 7, 3, 3, 3, 6, 6, 6, 3, 7, 3, 3, 3, 3, 3, 3, 3, 3, 6, 6, 6, 7, 3, 3, 3, 3, 3, 3, 3, 3, 6, 6, 6, 7, 3, 3, 3, 3, 3, 3, 3, 3, 3, 6, 6, 3, 3, 3, 3, 6, 3, 3, 3, 3, 3, 3, 3, 3, 3, 3, 3, 3, 3, 3, 3, 3, 3, 3, 3, 3, 3, 3, 3, 3, 3, 3, 3, 3, 7, 3, 3, 3, 3, 3, 3, 3, 7, 7, 3, 3, 3, 3, 3, 3, 3, 3, 7, 7, 3, 3, 6, 3, 3, 3, 3, 3, 3, 3, 3, 3, 3, 7, 3, 3, 3, 3, 3, 7, 7, 3, 3, 3, 3, 3, 3, 3, 3, 3, 3, 7, 3, 3, 3, 3, 3, 3, 3, 3, 3, 3, 3, 3, 3, 3, 3, 3, 3, 3, 3, 3, 3, 3, 3, 3, 3, 3, 3, 3, 3, 3, 3, 3, 6, 6, 3, 3, 3, 3, 3, 3, 3, 3, 3, 6, 6, 3, 3, 3, 3, 3, 3, 3, 3, 6, 3, 3, 3, 3, 3, 3, 3, 3, 3, 3, 3, 6, 3, 3, 3, 3, 3, 3, 3, 3, 3, 6, 6, 3, 3, 3, 3, 3, 3, 3, 3, 3, 6, 6, 3, 3, 3, 3, 3, 3, 3, 3, 6, 3, 3, 3, 3, 3, 3, 7, 3, 3, 6, 3, 3, 3, 3, 3, 3, 3, 3, 3, 3, 3, 3, 3, 3, 3, 3, 3, 3, 6, 3, 3, 3, 3, 3, 3, 3, 3, 3, 3, 3, 3, 6, 3, 3, 3, 7, 3, 3, 6, 3, 3, 3, 3, 3, 3, 3, 3, 6, 6, 3, 6, 6, 3, 3, 3, 3, 3, 3, 6, 6, 6, 6, 6, 3, 3, 3, 3, 3, 6, 6, 6, 6, 6, 6, 3, 3, 3, 3, 3, 6, 6, 6, 6, 6, 6, 6, 3, 3, 3, 6, 6, 7, 6, 6, 6, 6, 3, 3, 3, 3, 6, 6, 3, 6, 6, 6, 6, 6, 6, 3, 3, 6, 6, 6, 3, 3, 3, 3, 6, 6, 3, 3, 3, 3, 3, 6, 3, 3, 6, 6, 3, 3, 3, 3, 3, 6, 6, 3, 3, 3, 6, 3, 3, 3, 3, 3, 7, 3, 3, 3, 6, 3, 3, 3, 3, 3, 6, 6, 6, 3, 7, 3, 6, 6, 3, 3, 3, 3, 3, 6, 3, 3, 3, 6, 6, 6, 3, 3, 3, 3, 6, 6, 6, 3, 3, 6, 6, 6, 3, 3, 3, 3, 6, 6, 3, 3, 3, 6, 6, 3, 3, 3, 1, 3, 3, 6, 6, 3, 3, 6, 6, 3, 3, 3, 3, 3, 3, 6, 6, 7, 6, 6, 6, 3, 3, 3, 3, 3, 6, 6, 7, 3, 6, 6, 3, 3, 3, 3, 7, 3, 6, 6, 3, 6, 6, 6, 3, 7, 3, 3, 6, 6, 6, 3, 6, 3, 3, 3, 3, 3, 6, 6, 6, 6, 3, 3, 3, 3, 3, 3, 7, 3, 6, 6, 6, 6, 3, 3, 3, 3, 3, 3, 3, 6, 6, 6, 6, 3, 3, 3, 3, 3, 3, 7, 3, 6, 6, 6, 3, 3, 3, 3, 3, 7, 3, 7, 6, 6, 3, 3, 3, 3, 3, 3, 7, 6, 3, 3, 3, 7, 3, 3, 3, 3, 3, 3]
18, 2, [4427.31666666667, 34333.336964792, 42307.8148320385, 32.2254338149876], [1, 3, 5, 2, 6, 7, 7, 7, 4, 1, 4, 7, 2, 1, 6, 5, 4, 2, 5, 2, 7, 4, 5, 2, 3, 3, 2, 3, 7, 1, 2, 2, 3, 1, 3, 6, 1, 6, 4, 3, 6, 7, 7, 2, 7, 5, 2, 6, 6, 2, 1, 5, 2, 4, 1, 2, 7, 3, 3, 1, 3, 7, 1, 7, 2, 6, 6, 5, 5, 3, 4, 1, 1, 2, 2, 4, 6, 4, 3, 4, 1, 1, 7, 3, 5, 6, 4, 6, 7, 2, 6, 3, 7, 7, 1, 4, 5, 6, 1, 3, 5, 7, 3, 1, 3, 7, 4, 2, 6, 3, 7, 7, 5, 2, 2, 5, 2, 7, 6, 5, 7, 3, 2, 4, 7, 3, 6, 7, 7, 1, 5, 3, 7, 4, 3, 4, 1, 6, 7, 7, 7, 7, 6, 6, 7, 4, 5, 4, 1, 7, 3, 7, 5, 7, 4, 5, 1, 5, 7, 5, 4, 4, 3, 3, 1, 7, 7, 3, 2, 1, 5, 1, 5, 7, 7, 7, 5, 4, 7, 7, 4, 5, 3, 7, 5, 4, 2, 7, 4, 5, 7, 5, 4, 7, 1, 3, 7, 2, 5, 7, 7, 7, 6, 3, 4, 7, 2, 6, 6, 7, 7, 2, 5, 2, 1, 4, 7, 6, 7, 7, 3, 3, 3, 1, 6, 1, 7, 7, 6, 1, 2, 6, 3, 2, 6, 3, 2, 7, 6, 7, 2, 6, 6, 6, 5, 4, 3, 2, 7, 2, 6, 1, 2, 5, 6, 5, 7, 6, 6, 5, 1, 2, 1, 1, 4, 5, 2, 7, 7, 5, 1, 2, 6, 5, 5, 5, 7, 7, 6, 6, 2, 7, 6, 5, 3, 7, 6, 2, 6, 1, 7, 5, 2, 7, 1, 2, 5, 6, 2, 5, 5, 7, 6, 6, 4, 2, 5, 2, 5, 2, 3, 2, 7, 7, 5, 1, 2, 3, 4, 4, 5, 5, 7, 6, 1, 7, 3, 7, 7, 5, 2, 1, 1, 3, 5, 7, 2, 4, 2, 6, 4, 4, 1, 7, 4, 7, 7, 3, 7, 6, 6, 4, 6, 3, 7, 4, 2, 3, 2, 6, 3, 2, 4, 5, 4, 2, 7, 5, 7, 1, 4, 6, 2, 2, 6, 7, 6, 2, 5, 4, 1, 5, 6, 3, 5, 6, 4, 6, 1, 2, 2, 2, 5, 7, 7, 7, 2, 1, 1, 6, 7, 7, 7, 2, 6, 4, 6, 1, 4, 3, 7, 3, 6, 6, 3, 4, 1, 1, 6, 7, 7, 6, 7, 4, 6, 7, 1, 3, 1, 6, 2, 4, 3, 1, 6, 4, 7, 1, 6, 3, 5, 6, 5, 2, 5, 1, 1, 7, 5, 1, 3, 7, 2, 5, 1, 7, 1, 4, 5, 7, 5, 7, 5, 6, 7, 6, 4, 2, 4, 4, 5, 7, 3, 6, 7, 4, 1, 2, 3, 5, 6, 4, 4, 6, 2, 2, 4, 7, 3, 6, 3, 7, 1, 4, 3, 7, 3, 3, 2, 6, 6, 5, 7, 3, 1, 2, 7, 1, 7, 1, 6, 1, 4, 6, 5, 6, 1, 7, 7, 4, 6, 6, 1, 7, 1, 7, 2, 7, 2, 4, 5, 6, 5, 7, 3, 4, 5, 7, 1, 7, 6, 6, 3, 6, 6, 7, 4, 4, 2, 6, 7, 3, 5, 7, 4, 4, 1, 3, 5, 4, 1, 7, 6, 5, 4, 4, 7, 4, 5, 7, 2, 4, 7, 6, 6, 1, 7, 7, 2, 5, 7, 4, 7, 1, 6, 6, 7, 2, 3, 4, 1, 7, 4, 7, 7, 7, 6, 7, 5, 7, 7, 7, 7, 6, 4, 5, 6, 7, 2, 3, 7, 7, 7, 7, 7, 7, 7, 7, 5, 1, 5, 7, 6, 7, 7, 7, 7, 7, 7, 4, 6, 6, 3, 5, 7, 4, 3, 1, 7, 7, 4, 7, 7, 1, 5, 7, 6, 7, 6, 4, 6, 1, 7, 7, 6, 7, 2, 4, 7, 6, 6, 4, 3, 2, 7, 6, 7, 7, 6, 6, 3, 3, 2, 6, 6, 6, 7, 6, 7, 7, 7, 2, 6, 4, 6, 7, 6, 1, 7, 5, 3, 3, 6, 6, 1, 2, 1, 6, 7, 6, 7, 7, 7, 3, 5, 5, 1, 4, 6, 7, 7, 6, 7, 3, 1, 3, 7, 2, 2, 1, 6, 5, 7, 6, 2, 6, 4, 2, 7, 4, 4, 4, 6, 4, 3, 4, 5, 7, 2, 4, 4, 4, 3, 2, 4, 4, 2, 3, 3, 1, 1, 7, 6, 1, 7, 4, 6, 7, 3, 3, 7, 6, 2, 4, 5, 7, 7, 6, 1, 6, 7, 2, 3, 7, 4, 7, 7, 1, 7, 6, 5, 3, 1, 4, 7, 1, 1, 1, 4, 3, 7, 2, 7, 5, 6, 4, 7, 7, 2, 1, 3, 2, 7, 4, 5, 4, 2, 5, 7, 3, 7, 5, 1, 1, 5, 5, 5, 6, 2, 6, 7, 7, 2, 5, 4, 5, 1, 7, 3, 3, 2, 3, 2, 7, 6, 1, 6, 5, 6, 7, 3, 7, 6, 1, 1, 1, 7, 1, 7, 3, 1, 1, 6, 6, 5, 3, 5, 4, 7, 3, 2, 2, 6, 1, 7, 7, 1, 5, 2, 4, 2, 7, 7, 2, 6, 1, 6, 4, 6, 1, 4, 2, 5, 4, 6, 6, 6, 1, 6, 3, 5, 5, 1, 1, 3, 7, 6, 7, 7, 3, 6, 2, 4, 6, 4, 6, 3, 1, 3, 7, 6, 2, 7, 2, 3, 7, 3, 4, 2, 7, 7, 5, 5, 2, 3, 4, 5, 6, 5, 1, 7, 3, 7, 5, 7, 1, 2, 7, 6, 7, 2, 7, 2, 3, 1, 3, 7, 6, 2, 2, 1, 7, 4, 5, 7, 4, 7, 7, 7, 6, 5, 7, 5, 7, 7, 1, 6, 6, 6, 3, 5, 2, 6, 1, 6, 7, 6, 7, 7, 3, 1, 7, 3, 2, 7, 6, 6, 7, 7, 6, 4, 3, 5, 7, 7, 7, 6, 6, 7, 6, 7, 6, 7, 3, 3, 6, 7, 7, 7, 7, 7, 6, 5, 3, 4, 4, 6, 6, 1, 7, 7, 7, 7, 6, 7, 4, 3, 6, 6, 7, 6, 1, 1, 1, 7, 7, 5, 7, 5, 5, 1, 6, 5, 6, 6, 6, 4, 5, 2, 3, 2, 7, 7, 3, 6, 1, 7, 1, 6, 6, 6, 2, 6, 2, 1, 6, 7, 6, 1, 2, 2, 3, 6, 7, 6, 7, 7, 2, 6, 7, 4, 7, 6, 1, 6, 7, 6, 5, 2, 7, 7, 6, 1, 1, 2, 2, 6, 6, 7, 2, 3, 7, 6, 7, 2, 6, 6, 5, 6, 7, 1, 7, 3, 6, 6, 3, 1, 3, 3, 1, 1, 7, 6, 7, 1, 7, 6, 4, 4, 1, 6, 7, 6, 7, 7, 7, 6, 6, 7, 1, 1, 3, 3, 1, 7, 7, 7, 1, 6, 6, 2, 4, 4, 2, 7, 5, 6, 6, 4, 7, 6, 7, 7, 7, 5, 2, 7, 7, 7, 1, 6, 3, 1, 3, 7, 7, 6, 6, 7, 6, 3, 1, 4, 5, 7, 6, 7, 3, 7, 6, 6, 6, 7, 6, 7, 5, 4, 7, 2, 6, 6, 7, 7, 5, 1, 4, 1, 4, 6, 7, 7, 7, 7, 6, 4, 1, 6, 1, 7, 7, 1, 7, 7, 6, 4, 3, 6, 1, 7, 4, 7, 6, 6, 1, 2, 7, 1, 6, 4, 3, 6, 6]
18, 3, [4402.63333333333, 34531.6403229445, 42293.4840852999, 32.2254338149876], [6, 3, 5, 2, 6, 7, 7, 7, 4, 1, 4, 7, 2, 1, 6, 5, 4, 2, 5, 2, 7, 4, 5, 2, 3, 3, 2, 3, 7, 1, 2, 2, 3, 1, 3, 6, 1, 6, 4, 3, 6, 7, 7, 2, 7, 5, 2, 6, 6, 2, 1, 5, 2, 4, 1, 2, 7, 3, 3, 1, 3, 7, 1, 7, 2, 6, 6, 5, 5, 3, 4, 1, 1, 2, 2, 4, 6, 4, 3, 4, 1, 1, 7, 3, 5, 6, 4, 6, 7, 2, 6, 3, 7, 7, 1, 4, 5, 6, 1, 3, 5, 7, 3, 4, 3, 7, 4, 2, 6, 3, 7, 7, 5, 2, 2, 5, 2, 7, 6, 5, 7, 3, 2, 4, 7, 3, 6, 7, 7, 1, 5, 3, 7, 4, 3, 4, 1, 6, 7, 7, 7, 7, 6, 6, 7, 4, 5, 4, 1, 7, 3, 7, 5, 7, 4, 5, 1, 5, 7, 5, 4, 4, 3, 3, 1, 7, 7, 3, 2, 1, 5, 1, 5, 7, 7, 7, 5, 4, 7, 7, 4, 5, 3, 7, 5, 4, 2, 7, 4, 5, 7, 5, 4, 7, 1, 3, 7, 2, 5, 7, 7, 7, 6, 3, 4, 7, 2, 6, 6, 7, 7, 2, 5, 2, 1, 4, 7, 6, 7, 7, 7, 3, 3, 1, 6, 1, 7, 7, 6, 1, 2, 6, 3, 2, 6, 3, 2, 7, 6, 7, 2, 6, 6, 6, 5, 4, 3, 2, 7, 2, 6, 1, 2, 5, 3, 5, 7, 6, 6, 5, 1, 2, 1, 1, 4, 5, 2, 7, 7, 5, 1, 2, 6, 5, 5, 5, 7, 7, 6, 6, 2, 7, 6, 5, 3, 7, 6, 2, 6, 1, 7, 5, 2, 7, 1, 2, 5, 6, 2, 5, 5, 7, 6, 6, 4, 2, 5, 2, 5, 2, 3, 2, 7, 7, 5, 1, 2, 3, 4, 4, 5, 5, 7, 6, 1, 7, 3, 4, 7, 5, 2, 1, 1, 3, 5, 7, 2, 4, 2, 6, 4, 4, 1, 7, 4, 7, 7, 3, 7, 6, 6, 4, 6, 3, 7, 4, 2, 3, 2, 6, 3, 2, 4, 5, 4, 2, 7, 5, 7, 1, 4, 6, 2, 2, 6, 7, 6, 2, 5, 4, 1, 5, 6, 3, 5, 6, 4, 6, 1, 2, 2, 2, 5, 7, 7, 7, 2, 1, 1, 6, 7, 7, 7, 2, 6, 4, 6, 1, 4, 3, 7, 3, 6, 6, 3, 4, 5, 1, 6, 7, 7, 6, 7, 4, 6, 7, 1, 3, 1, 6, 2, 4, 3, 1, 6, 4, 7, 1, 6, 3, 5, 6, 5, 2, 5, 1, 1, 7, 5, 1, 3, 7, 2, 5, 1, 7, 1, 4, 5, 7, 5, 7, 5, 6, 7, 6, 4, 2, 4, 4, 5, 7, 3, 6, 7, 4, 1, 2, 3, 5, 6, 4, 4, 6, 2, 2, 4, 7, 3, 6, 3, 7, 1, 4, 3, 7, 3, 3, 2, 6, 6, 5, 7, 3, 1, 2, 7, 1, 7, 1, 6, 1, 4, 6, 5, 6, 1, 7, 7, 4, 6, 6, 1, 7, 1, 7, 2, 7, 2, 4, 5, 6, 5, 7, 3, 4, 5, 7, 1, 7, 6, 6, 3, 6, 6, 7, 4, 4, 2, 6, 7, 3, 5, 7, 4, 4, 1, 3, 5, 4, 1, 7, 6, 5, 4, 4, 7, 4, 5, 7, 2, 4, 7, 6, 6, 1, 7, 7, 2, 5, 7, 4, 7, 1, 6, 6, 7, 2, 3, 4, 1, 7, 4, 7, 7, 7, 6, 7, 5, 7, 7, 7, 7, 6, 4, 5, 6, 7, 2, 3, 7, 7, 7, 7, 7, 7, 7, 7, 5, 1, 5, 7, 6, 7, 7, 7, 7, 7, 7, 4, 6, 6, 3, 5, 7, 4, 3, 1, 7, 7, 4, 7, 7, 1, 5, 7, 6, 7, 6, 4, 6, 1, 7, 7, 6, 7, 2, 4, 7, 6, 6, 4, 3, 2, 7, 6, 7, 7, 6, 6, 5, 3, 2, 6, 6, 6, 7, 6, 7, 7, 7, 2, 6, 4, 6, 7, 6, 1, 7, 5, 3, 3, 6, 6, 1, 2, 1, 6, 7, 6, 7, 7, 7, 3, 5, 5, 1, 4, 6, 7, 7, 6, 7, 3, 1, 3, 7, 2, 2, 1, 6, 5, 7, 6, 2, 6, 4, 2, 7, 4, 4, 4, 6, 4, 3, 4, 5, 7, 2, 4, 4, 4, 3, 2, 4, 4, 2, 3, 3, 1, 1, 7, 6, 1, 7, 4, 6, 7, 3, 3, 7, 6, 2, 4, 5, 7, 7, 6, 1, 6, 7, 2, 3, 7, 4, 7, 7, 1, 7, 6, 5, 3, 1, 4, 7, 1, 1, 1, 4, 3, 7, 2, 7, 5, 6, 4, 7, 7, 2, 1, 6, 2, 7, 4, 5, 4, 2, 5, 7, 3, 7, 5, 1, 1, 5, 5, 5, 6, 2, 6, 7, 7, 2, 5, 4, 5, 1, 7, 3, 3, 2, 3, 2, 7, 6, 1, 6, 5, 6, 7, 3, 7, 6, 1, 1, 1, 7, 1, 7, 3, 1, 1, 6, 6, 5, 3, 5, 4, 7, 3, 2, 2, 6, 1, 7, 7, 1, 5, 2, 4, 2, 7, 7, 2, 6, 1, 6, 4, 6, 1, 4, 2, 5, 4, 6, 6, 6, 1, 6, 3, 5, 5, 1, 1, 3, 7, 6, 7, 7, 3, 6, 2, 4, 6, 4, 6, 3, 1, 3, 7, 6, 2, 7, 2, 3, 7, 3, 4, 2, 7, 7, 5, 5, 2, 3, 4, 5, 6, 5, 1, 7, 3, 7, 5, 7, 1, 2, 7, 6, 7, 2, 7, 2, 3, 1, 3, 7, 6, 2, 2, 1, 7, 4, 5, 7, 4, 7, 7, 7, 6, 5, 7, 5, 7, 7, 1, 6, 6, 6, 3, 5, 2, 6, 1, 6, 7, 6, 7, 7, 3, 1, 7, 3, 2, 7, 6, 6, 7, 7, 6, 4, 3, 5, 7, 7, 7, 6, 6, 7, 6, 7, 6, 7, 3, 3, 6, 7, 7, 7, 7, 7, 6, 5, 3, 4, 4, 6, 6, 1, 7, 7, 7, 7, 6, 7, 4, 3, 6, 6, 7, 6, 1, 1, 1, 7, 7, 5, 7, 5, 5, 1, 6, 5, 6, 6, 6, 4, 5, 2, 3, 2, 7, 7, 3, 6, 1, 7, 1, 6, 6, 5, 2, 6, 2, 1, 6, 7, 6, 1, 2, 2, 3, 6, 7, 6, 7, 7, 2, 6, 7, 4, 7, 6, 1, 6, 7, 6, 5, 2, 7, 7, 6, 1, 1, 2, 2, 6, 6, 7, 2, 3, 7, 6, 7, 2, 6, 6, 5, 6, 7, 1, 7, 3, 6, 6, 3, 1, 3, 3, 1, 1, 7, 6, 7, 1, 7, 6, 4, 4, 1, 6, 7, 6, 7, 7, 7, 6, 6, 7, 1, 1, 3, 3, 1, 7, 7, 7, 1, 6, 6, 2, 4, 4, 2, 7, 5, 6, 6, 4, 7, 6, 7, 7, 7, 5, 2, 7, 7, 7, 1, 6, 3, 1, 3, 7, 7, 6, 6, 7, 6, 3, 1, 4, 5, 7, 6, 7, 4, 7, 6, 6, 6, 7, 6, 7, 5, 4, 7, 2, 6, 6, 7, 7, 5, 1, 4, 1, 4, 6, 7, 7, 7, 7, 6, 4, 1, 6, 1, 7, 7, 1, 7, 7, 6, 4, 3, 6, 1, 7, 4, 7, 6, 6, 1, 2, 7, 1, 6, 4, 3, 6, 6]
18, 4, [4498.4, 33799.3755687981, 42374.5358019963, 32.033060925941], [6, 3, 5, 2, 6, 7, 7, 7, 4, 1, 4, 7, 2, 1, 6, 5, 4, 2, 5, 2, 7, 4, 5, 2, 3, 3, 2, 3, 7, 1, 2, 2, 3, 1, 3, 6, 1, 6, 4, 3, 6, 7, 7, 2, 7, 5, 2, 6, 6, 2, 1, 5, 2, 4, 1, 2, 7, 3, 1, 1, 3, 7, 1, 7, 2, 6, 6, 5, 5, 3, 4, 1, 1, 2, 2, 4, 6, 4, 3, 4, 1, 1, 7, 3, 5, 6, 4, 6, 7, 2, 6, 3, 7, 7, 1, 4, 6, 6, 1, 3, 5, 7, 3, 4, 3, 7, 4, 2, 6, 3, 7, 7, 5, 2, 2, 5, 2, 7, 6, 2, 7, 3, 2, 3, 7, 3, 6, 7, 7, 1, 5, 3, 7, 4, 3, 4, 1, 6, 7, 6, 3, 5, 6, 6, 6, 1, 5, 6, 5, 7, 7, 7, 4, 1, 5, 5, 1, 1, 7, 7, 1, 3, 1, 3, 2, 7, 7, 4, 4, 5, 4, 7, 3, 7, 6, 6, 6, 3, 5, 2, 5, 7, 3, 7, 7, 6, 7, 6, 3, 6, 6, 7, 6, 4, 3, 5, 5, 6, 7, 6, 7, 1, 3, 4, 4, 7, 1, 2, 6, 7, 7, 2, 5, 2, 1, 4, 7, 6, 7, 7, 3, 3, 3, 1, 6, 1, 7, 7, 6, 1, 2, 6, 1, 2, 6, 3, 2, 7, 6, 7, 2, 6, 6, 6, 5, 4, 3, 2, 7, 2, 6, 1, 2, 5, 6, 5, 7, 6, 6, 5, 1, 2, 1, 1, 4, 5, 2, 2, 7, 5, 1, 2, 6, 5, 5, 5, 7, 7, 6, 6, 2, 7, 6, 5, 3, 7, 6, 2, 6, 1, 7, 5, 2, 7, 1, 2, 5, 6, 2, 5, 5, 7, 6, 6, 4, 2, 5, 2, 5, 2, 3, 2, 7, 7, 5, 1, 2, 3, 4, 4, 5, 5, 7, 6, 1, 7, 3, 7, 7, 5, 1, 1, 1, 3, 5, 7, 2, 4, 2, 6, 4, 4, 1, 7, 4, 7, 7, 3, 7, 6, 6, 4, 6, 3, 7, 4, 2, 3, 2, 6, 3, 2, 4, 5, 4, 2, 7, 5, 7, 1, 4, 6, 2, 2, 6, 7, 6, 2, 5, 4, 1, 5, 7, 3, 5, 6, 4, 6, 1, 2, 2, 2, 5, 7, 7, 7, 2, 1, 1, 6, 7, 7, 7, 2, 6, 4, 6, 1, 4, 3, 7, 3, 6, 7, 3, 4, 1, 1, 6, 7, 7, 6, 7, 4, 6, 7, 1, 3, 1, 6, 2, 4, 3, 1, 6, 4, 7, 1, 6, 3, 5, 6, 5, 2, 5, 1, 1, 7, 5, 1, 3, 7, 2, 5, 1, 7, 1, 4, 5, 7, 5, 7, 5, 6, 7, 6, 4, 2, 4, 4, 5, 7, 3, 6, 7, 4, 1, 2, 3, 5, 6, 4, 4, 6, 2, 2, 4, 7, 3, 6, 3, 7, 1, 4, 3, 7, 3, 3, 2, 6, 6, 5, 7, 3, 1, 2, 7, 1, 7, 1, 6, 1, 4, 6, 5, 6, 1, 7, 7, 4, 6, 6, 1, 7, 1, 7, 2, 7, 2, 4, 5, 6, 5, 4, 3, 4, 5, 7, 1, 7, 6, 6, 3, 6, 6, 7, 4, 4, 2, 6, 7, 3, 5, 7, 4, 4, 1, 3, 5, 4, 1, 6, 6, 5, 4, 4, 7, 4, 5, 7, 2, 4, 7, 6, 6, 1, 7, 7, 2, 5, 7, 4, 7, 1, 6, 6, 7, 2, 3, 4, 1, 7, 4, 7, 7, 7, 6, 7, 5, 7, 7, 7, 7, 6, 4, 5, 6, 7, 2, 3, 7, 7, 7, 7, 7, 7, 7, 7, 5, 1, 5, 7, 6, 7, 7, 7, 7, 7, 7, 4, 6, 6, 3, 5, 7, 4, 3, 1, 7, 7, 4, 7, 7, 1, 5, 7, 6, 7, 6, 4, 6, 1, 7, 7, 6, 7, 2, 4, 7, 6, 6, 4, 3, 2, 7, 6, 7, 7, 6, 6, 3, 3, 2, 6, 6, 6, 7, 6, 7, 7, 7, 2, 6, 4, 6, 7, 6, 1, 1, 5, 3, 3, 6, 6, 1, 2, 1, 6, 7, 6, 7, 7, 7, 3, 5, 5, 1, 4, 6, 7, 7, 6, 6, 3, 1, 3, 7, 2, 2, 1, 6, 5, 7, 6, 2, 6, 4, 2, 6, 4, 4, 4, 6, 4, 3, 4, 5, 7, 2, 4, 4, 4, 3, 2, 4, 4, 2, 3, 3, 1, 1, 7, 6, 1, 7, 4, 6, 7, 3, 3, 7, 6, 2, 4, 5, 7, 7, 6, 1, 6, 7, 2, 3, 7, 4, 7, 7, 1, 7, 6, 5, 3, 1, 4, 7, 1, 1, 1, 4, 3, 7, 2, 7, 5, 6, 4, 7, 7, 2, 1, 3, 2, 7, 4, 5, 4, 2, 5, 7, 3, 7, 5, 1, 1, 5, 5, 5, 6, 2, 6, 7, 7, 2, 5, 4, 5, 1, 7, 3, 3, 2, 3, 2, 7, 6, 1, 6, 5, 6, 7, 3, 7, 6, 1, 1, 1, 7, 1, 2, 3, 1, 1, 6, 6, 5, 3, 5, 4, 7, 3, 2, 2, 6, 1, 7, 7, 1, 5, 2, 4, 2, 7, 7, 2, 6, 1, 6, 4, 6, 1, 4, 2, 5, 4, 6, 6, 6, 1, 6, 3, 5, 5, 1, 1, 3, 7, 6, 7, 7, 3, 6, 2, 4, 6, 4, 6, 3, 1, 3, 7, 6, 2, 7, 2, 3, 7, 3, 4, 2, 7, 7, 5, 5, 2, 3, 4, 5, 6, 5, 7, 7, 3, 7, 5, 7, 1, 2, 7, 6, 7, 2, 7, 2, 3, 1, 3, 7, 6, 6, 2, 1, 7, 4, 5, 7, 4, 7, 7, 7, 6, 5, 7, 5, 7, 7, 1, 6, 6, 6, 3, 5, 2, 6, 1, 6, 7, 6, 7, 7, 3, 1, 7, 3, 2, 7, 6, 6, 7, 7, 6, 4, 3, 5, 7, 7, 7, 6, 6, 7, 6, 7, 6, 7, 3, 3, 6, 7, 7, 7, 7, 7, 6, 5, 3, 4, 4, 6, 6, 1, 7, 7, 7, 7, 6, 7, 4, 3, 6, 6, 7, 6, 1, 1, 1, 7, 7, 5, 7, 5, 5, 1, 6, 5, 6, 6, 6, 4, 5, 2, 3, 2, 7, 7, 3, 6, 1, 7, 1, 6, 6, 6, 7, 6, 2, 1, 6, 7, 6, 1, 2, 2, 3, 6, 7, 6, 7, 7, 2, 6, 7, 4, 7, 6, 1, 6, 7, 6, 7, 2, 7, 7, 6, 1, 7, 2, 2, 6, 6, 7, 2, 3, 7, 6, 7, 2, 6, 6, 5, 6, 6, 1, 7, 3, 6, 6, 3, 1, 3, 3, 1, 1, 7, 6, 7, 1, 7, 6, 4, 4, 1, 6, 7, 6, 7, 7, 7, 6, 6, 7, 1, 1, 3, 3, 1, 7, 7, 7, 1, 6, 6, 2, 4, 4, 2, 7, 5, 6, 6, 4, 7, 6, 7, 7, 7, 5, 2, 7, 7, 7, 1, 6, 3, 1, 3, 7, 7, 6, 6, 7, 6, 3, 1, 4, 5, 7, 6, 7, 3, 7, 6, 6, 6, 7, 6, 4, 5, 4, 7, 2, 6, 6, 7, 7, 5, 1, 4, 1, 4, 6, 7, 7, 7, 7, 6, 4, 1, 6, 1, 7, 7, 1, 7, 7, 6, 4, 3, 6, 1, 7, 4, 7, 6, 6, 1, 2, 7, 1, 6, 5, 3, 6, 6]
19, 0, [853.166666666667, 54786.2564458678, 43736.4846080899, 24.087818867946], [1, 2, 3, 4, 5, 6, 7, 3, 3, 3, 3, 3, 3, 3, 3, 3, 3, 3, 3, 3, 3, 3, 3, 3, 3, 3, 3, 3, 3, 3, 3, 3, 3, 3, 3, 3, 3, 3, 3, 3, 3, 3, 3, 3, 3, 3, 3, 3, 3, 3, 3, 3, 3, 3, 3, 3, 3, 3, 3, 3, 3, 3, 3, 3, 3, 3, 3, 3, 3, 3, 3, 3, 3, 3, 3, 3, 3, 3, 3, 3, 3, 3, 3, 3, 3, 3, 3, 3, 3, 3, 3, 3, 3, 3, 3, 3, 3, 3, 3, 3, 3, 3, 3, 3, 3, 3, 3, 3, 3, 3, 6, 3, 3, 3, 3, 3, 3, 6, 6, 3, 3, 3, 3, 3, 3, 3, 6, 7, 3, 3, 3, 3, 6, 3, 3, 3, 3, 6, 7, 6, 3, 3, 3, 6, 6, 3, 3, 3, 3, 7, 3, 7, 3, 3, 3, 3, 3, 3, 6, 3, 3, 3, 3, 3, 3, 7, 7, 3, 3, 3, 3, 3, 3, 7, 6, 3, 3, 3, 3, 3, 3, 3, 3, 7, 3, 3, 3, 3, 3, 3, 3, 3, 3, 3, 3, 3, 3, 3, 3, 6, 6, 3, 3, 3, 3, 3, 3, 3, 3, 7, 6, 3, 3, 3, 3, 3, 3, 3, 3, 7, 3, 3, 3, 3, 3, 3, 3, 3, 3, 3, 3, 3, 3, 3, 3, 3, 3, 3, 3, 7, 3, 3, 3, 3, 3, 3, 3, 3, 3, 3, 3, 3, 3, 3, 3, 3, 3, 3, 3, 3, 3, 3, 3, 3, 3, 3, 3, 3, 3, 3, 3, 3, 3, 3, 3, 3, 7, 3, 3, 3, 3, 3, 3, 3, 3, 6, 3, 3, 3, 3, 3, 3, 3, 3, 3, 3, 3, 3, 3, 3, 3, 3, 3, 6, 3, 3, 3, 3, 3, 3, 3, 3, 3, 6, 3, 3, 3, 3, 3, 3, 3, 3, 3, 6, 3, 3, 3, 3, 3, 3, 3, 3, 3, 3, 3, 7, 3, 3, 3, 3, 3, 3, 3, 3, 3, 3, 3, 3, 3, 3, 3, 3, 3, 3, 3, 3, 3, 3, 3, 3, 3, 3, 3, 3, 3, 3, 3, 3, 6, 3, 3, 3, 3, 3, 3, 3, 3, 3, 3, 3, 3, 3, 6, 3, 3, 3, 3, 3, 3, 3, 3, 3, 3, 3, 6, 3, 3, 3, 3, 3, 3, 3, 3, 3, 3, 3, 6, 3, 3, 3, 3, 3, 3, 3, 3, 3, 3, 3, 3, 7, 3, 3, 7, 3, 3, 3, 3, 3, 3, 3, 3, 3, 3, 3, 3, 3, 7, 3, 3, 3, 3, 3, 3, 3, 3, 3, 3, 3, 3, 3, 3, 3, 3, 3, 3, 3, 3, 3, 3, 3, 3, 3, 3, 3, 7, 3, 3, 3, 3, 3, 3, 3, 3, 3, 3, 3, 3, 3, 3, 3, 3, 3, 3, 3, 3, 3, 3, 3, 3, 3, 3, 3, 3, 3, 3, 7, 3, 3, 3, 3, 3, 3, 3, 3, 3, 3, 7, 3, 3, 3, 6, 3, 3, 3, 3, 3, 3, 7, 3, 3, 3, 6, 3, 3, 3, 3, 3, 3, 3, 3, 3, 6, 3, 3, 3, 3, 3, 3, 3, 6, 6, 3, 3, 3, 3, 3, 3, 3, 3, 3, 6, 3, 3, 6, 3, 3, 3, 3, 3, 3, 3, 6, 6, 3, 3, 3, 3, 3, 3, 3, 3, 3, 7, 6, 6, 3, 6, 3, 3, 3, 7, 3, 3, 3, 6, 6, 6, 3, 3, 3, 3, 7, 3, 7, 3, 6, 3, 3, 3, 6, 7, 7, 7, 6, 3, 3, 6, 6, 3, 3, 7, 7, 7, 7, 7, 7, 6, 6, 3, 3, 3, 3, 6, 7, 7, 3, 7, 7, 7, 3, 6, 6, 3, 3, 6, 3, 3, 3, 7, 3, 3, 7, 7, 3, 3, 6, 6, 6, 6, 3, 3, 3, 7, 7, 6, 7, 3, 3, 3, 6, 6, 3, 3, 3, 7, 3, 6, 3, 3, 3, 3, 3, 3, 6, 6, 6, 7, 3, 7, 7, 7, 3, 3, 3, 6, 6, 6, 3, 7, 3, 3, 3, 3, 3, 3, 3, 3, 6, 6, 6, 7, 3, 3, 3, 3, 3, 3, 3, 3, 6, 6, 6, 7, 3, 3, 3, 3, 3, 3, 3, 3, 3, 6, 6, 3, 3, 3, 3, 6, 3, 3, 3, 3, 3, 3, 3, 3, 3, 3, 3, 3, 3, 3, 3, 3, 3, 3, 3, 3, 3, 3, 3, 3, 3, 3, 3, 3, 7, 3, 3, 3, 3, 3, 3, 3, 7, 7, 3, 3, 3, 3, 3, 3, 3, 3, 7, 7, 3, 3, 6, 3, 3, 3, 3, 3, 3, 3, 3, 3, 3, 7, 3, 3, 3, 3, 3, 7, 7, 3, 3, 3, 3, 3, 3, 3, 3, 3, 3, 7, 3, 3, 3, 3, 3, 3, 3, 3, 3, 3, 3, 3, 3, 3, 3, 3, 3, 3, 3, 3, 3, 3, 3, 3, 3, 3, 3, 3, 3, 3, 3, 3, 6, 6, 3, 3, 3, 3, 3, 3, 3, 3, 3, 6, 6, 3, 3, 3, 3, 3, 3, 3, 3, 6, 3, 3, 3, 3, 3, 3, 3, 3, 3, 3, 3, 6, 3, 3, 3, 3, 3, 3, 3, 3, 3, 6, 6, 3, 3, 3, 3, 3, 3, 3, 3, 3, 6, 6, 3, 3, 3, 3, 3, 3, 3, 3, 6, 3, 3, 3, 3, 3, 3, 7, 3, 3, 6, 3, 3, 3, 3, 3, 3, 3, 3, 3, 3, 3, 3, 3, 3, 3, 3, 3, 3, 6, 3, 3, 3, 3, 3, 3, 3, 3, 3, 3, 3, 3, 6, 3, 3, 3, 7, 3, 3, 6, 3, 3, 3, 3, 3, 3, 3, 3, 6, 6, 3, 6, 6, 3, 3, 3, 3, 3, 3, 6, 6, 6, 6, 6, 3, 3, 3, 3, 3, 6, 6, 6, 6, 6, 6, 3, 3, 3, 3, 3, 6, 6, 6, 6, 6, 6, 6, 3, 3, 3, 6, 6, 7, 6, 6, 6, 6, 3, 3, 3, 3, 6, 6, 3, 6, 6, 6, 6, 6, 6, 3, 3, 6, 6, 6, 3, 3, 3, 3, 6, 6, 3, 3, 3, 3, 3, 6, 3, 3, 6, 6, 3, 3, 3, 3, 3, 6, 6, 3, 3, 3, 6, 3, 3, 3, 3, 3, 6, 3, 3, 3, 6, 3, 3, 3, 3, 3, 6, 6, 6, 3, 7, 3, 6, 6, 3, 3, 3, 3, 3, 6, 3, 3, 3, 6, 6, 6, 3, 3, 3, 3, 6, 6, 6, 3, 3, 6, 6, 6, 3, 3, 3, 3, 6, 6, 3, 3, 3, 6, 6, 3, 3, 3, 3, 3, 3, 6, 6, 3, 3, 6, 6, 3, 3, 3, 3, 3, 3, 6, 6, 7, 6, 6, 6, 3, 3, 3, 3, 3, 6, 6, 7, 3, 6, 6, 3, 3, 3, 3, 7, 3, 6, 6, 3, 6, 6, 6, 3, 7, 3, 3, 6, 6, 6, 3, 6, 3, 3, 3, 3, 3, 6, 6, 6, 6, 3, 3, 3, 3, 3, 3, 7, 3, 6, 6, 6, 6, 3, 3, 3, 3, 3, 3, 3, 6, 6, 6, 6, 3, 3, 3, 3, 3, 3, 7, 3, 6, 6, 6, 3, 3, 3, 3, 3, 7, 3, 7, 6, 6, 3, 3, 3, 3, 3, 3, 7, 6, 3, 3, 3, 7, 3, 3, 3, 3, 3, 3]
19, 1, [883.833333333333, 54596.7414168965, 43738.1245653548, 24.1469353245566], [1, 2, 3, 4, 5, 6, 7, 3, 3, 3, 3, 3, 3, 3, 3, 3, 3, 3, 3, 3, 3, 3, 3, 3, 3, 3, 3, 3, 3, 3, 3, 3, 3, 3, 3, 3, 3, 3, 3, 3, 3, 3, 3, 3, 3, 4, 3, 3, 3, 3, 3, 3, 3, 3, 3, 3, 3, 3, 3, 3, 3, 3, 3, 3, 3, 3, 3, 3, 3, 3, 3, 3, 3, 3, 3, 3, 3, 3, 3, 3, 3, 3, 3, 3, 3, 3, 3, 3, 3, 3, 3, 3, 3, 3, 3, 3, 3, 3, 3, 3, 3, 3, 3, 3, 3, 3, 3, 3, 3, 3, 6, 3, 3, 3, 3, 3, 3, 6, 6, 3, 3, 3, 3, 3, 3, 3, 6, 7, 3, 3, 3, 3, 6, 3, 3, 3, 3, 6, 7, 6, 3, 3, 3, 6, 6, 3, 3, 3, 3, 7, 3, 7, 3, 3, 3, 3, 3, 3, 6, 3, 3, 3, 3, 3, 3, 7, 7, 3, 3, 3, 3, 3, 3, 7, 6, 3, 3, 3, 3, 3, 3, 3, 3, 7, 3, 3, 3, 3, 3, 3, 3, 3, 3, 3, 3, 3, 3, 3, 3, 6, 6, 3, 3, 3, 3, 3, 3, 3, 3, 7, 6, 3, 3, 3, 3, 3, 3, 3, 3, 7, 3, 3, 3, 3, 3, 3, 3, 3, 3, 3, 3, 3, 3, 3, 3, 3, 3, 3, 3, 7, 3, 3, 3, 3, 3, 3, 3, 3, 3, 3, 3, 3, 3, 3, 3, 3, 3, 3, 3, 3, 3, 3, 3, 3, 3, 3, 3, 3, 3, 3, 3, 3, 3, 3, 3, 3, 7, 3, 3, 3, 3, 3, 3, 3, 3, 6, 3, 3, 3, 3, 1, 3, 3, 3, 3, 3, 3, 3, 3, 3, 3, 3, 3, 6, 3, 3, 3, 3, 3, 3, 3, 3, 3, 6, 3, 3, 3, 3, 2, 3, 3, 3, 3, 6, 3, 3, 3, 3, 3, 3, 3, 3, 3, 3, 3, 7, 3, 6, 3, 3, 3, 3, 3, 3, 3, 3, 3, 3, 3, 3, 3, 3, 3, 3, 3, 3, 3, 3, 3, 3, 3, 3, 3, 3, 3, 3, 3, 3, 6, 3, 3, 3, 3, 3, 3, 3, 3, 3, 3, 3, 3, 3, 6, 3, 3, 3, 3, 3, 3, 3, 3, 3, 3, 3, 6, 3, 3, 3, 3, 3, 3, 3, 3, 3, 3, 3, 6, 3, 3, 3, 3, 3, 3, 3, 3, 3, 3, 3, 3, 7, 3, 3, 7, 3, 3, 3, 3, 3, 3, 3, 3, 3, 3, 3, 3, 3, 7, 3, 3, 3, 3, 3, 3, 3, 3, 3, 3, 3, 3, 3, 3, 3, 3, 3, 3, 1, 3, 3, 3, 3, 3, 3, 3, 3, 7, 3, 3, 3, 3, 3, 3, 3, 3, 3, 3, 3, 3, 3, 3, 3, 3, 3, 3, 3, 3, 3, 3, 3, 3, 3, 3, 3, 3, 3, 3, 7, 3, 3, 3, 3, 2, 3, 3, 3, 3, 3, 7, 3, 3, 3, 6, 3, 3, 3, 3, 3, 3, 7, 3, 3, 3, 6, 3, 3, 3, 3, 3, 3, 3, 3, 3, 6, 3, 3, 3, 3, 3, 3, 3, 6, 6, 3, 3, 3, 3, 3, 3, 3, 3, 3, 6, 3, 3, 6, 3, 3, 3, 3, 3, 3, 3, 6, 6, 3, 3, 3, 3, 3, 3, 3, 3, 3, 7, 6, 6, 3, 6, 3, 3, 3, 7, 3, 3, 3, 6, 6, 6, 3, 3, 3, 3, 7, 3, 7, 3, 6, 3, 3, 3, 6, 7, 7, 7, 6, 3, 3, 6, 6, 3, 3, 7, 7, 7, 7, 7, 7, 6, 6, 3, 3, 3, 3, 6, 7, 7, 3, 7, 7, 7, 3, 6, 6, 3, 3, 6, 3, 3, 3, 7, 3, 3, 7, 7, 3, 3, 6, 6, 6, 6, 3, 3, 3, 7, 7, 6, 7, 3, 3, 3, 6, 6, 3, 3, 3, 7, 3, 6, 3, 3, 3, 3, 3, 3, 6, 6, 6, 7, 3, 7, 7, 7, 3, 3, 3, 6, 6, 6, 3, 7, 3, 3, 3, 3, 3, 3, 3, 3, 6, 6, 6, 7, 3, 3, 3, 3, 3, 3, 3, 3, 6, 6, 6, 7, 3, 3, 3, 3, 3, 3, 3, 3, 3, 6, 6, 3, 3, 3, 3, 6, 3, 3, 3, 3, 3, 3, 3, 3, 3, 3, 3, 3, 3, 3, 3, 3, 3, 3, 3, 3, 3, 3, 3, 3, 3, 3, 3, 3, 7, 3, 3, 3, 3, 3, 3, 3, 7, 7, 3, 3, 3, 3, 3, 3, 3, 3, 7, 7, 3, 3, 6, 3, 3, 3, 3, 3, 3, 3, 3, 3, 3, 7, 3, 3, 3, 3, 3, 7, 7, 3, 3, 3, 3, 3, 3, 3, 3, 3, 3, 7, 3, 3, 3, 3, 3, 3, 3, 3, 3, 3, 3, 3, 3, 3, 3, 3, 3, 3, 3, 3, 3, 3, 3, 3, 3, 3, 3, 3, 3, 3, 3, 3, 6, 6, 3, 3, 3, 3, 3, 3, 3, 3, 3, 6, 6, 3, 3, 3, 3, 3, 3, 3, 3, 6, 3, 3, 3, 3, 3, 3, 3, 3, 3, 3, 3, 6, 3, 3, 3, 3, 3, 3, 3, 3, 3, 6, 6, 3, 3, 3, 3, 3, 3, 3, 3, 3, 6, 6, 3, 3, 3, 3, 3, 3, 3, 3, 6, 3, 3, 3, 3, 3, 3, 7, 3, 3, 6, 3, 3, 3, 3, 3, 3, 3, 3, 3, 3, 3, 3, 3, 3, 3, 3, 3, 3, 6, 3, 3, 3, 3, 3, 3, 3, 3, 3, 3, 3, 3, 6, 3, 3, 3, 7, 3, 3, 6, 3, 3, 3, 3, 3, 3, 3, 3, 6, 6, 3, 6, 6, 3, 3, 3, 3, 3, 3, 6, 6, 6, 6, 6, 3, 3, 3, 3, 3, 6, 6, 6, 6, 6, 6, 3, 3, 3, 3, 3, 6, 6, 6, 6, 6, 6, 6, 3, 3, 3, 6, 6, 7, 6, 6, 6, 6, 3, 3, 3, 3, 6, 6, 3, 6, 6, 6, 6, 6, 6, 3, 3, 6, 6, 6, 3, 3, 3, 3, 6, 6, 3, 3, 3, 3, 3, 6, 3, 3, 6, 6, 3, 3, 3, 3, 3, 6, 6, 3, 3, 3, 6, 3, 3, 3, 3, 3, 7, 3, 3, 3, 6, 3, 3, 3, 3, 3, 6, 6, 6, 3, 7, 3, 6, 6, 3, 3, 3, 3, 3, 6, 3, 3, 3, 6, 6, 6, 3, 3, 3, 3, 6, 6, 6, 3, 3, 6, 6, 6, 3, 3, 3, 3, 6, 6, 3, 3, 3, 6, 6, 3, 3, 3, 1, 3, 3, 6, 6, 3, 3, 6, 6, 3, 3, 3, 3, 3, 3, 6, 6, 7, 6, 6, 6, 3, 3, 3, 3, 3, 6, 6, 7, 3, 6, 6, 3, 3, 3, 3, 7, 3, 6, 6, 3, 6, 6, 6, 3, 7, 3, 3, 6, 6, 6, 3, 6, 3, 3, 3, 3, 3, 6, 6, 6, 6, 3, 3, 3, 3, 3, 3, 7, 3, 6, 6, 6, 6, 3, 3, 3, 3, 3, 3, 3, 6, 6, 6, 6, 3, 3, 3, 3, 3, 3, 7, 3, 6, 6, 6, 3, 3, 3, 3, 3, 7, 3, 7, 6, 6, 3, 3, 3, 3, 3, 3, 7, 6, 3, 3, 3, 7, 3, 3, 3, 3, 3, 3]
19, 2, [4427.31666666667, 34333.336964792, 42307.8148320385, 32.2254338149876], [1, 3, 5, 2, 6, 7, 7, 7, 4, 1, 4, 7, 2, 1, 6, 5, 4, 2, 5, 2, 7, 4, 5, 2, 3, 3, 2, 3, 7, 1, 2, 2, 3, 1, 3, 6, 1, 6, 4, 3, 6, 7, 7, 2, 7, 5, 2, 6, 6, 2, 1, 5, 2, 4, 1, 2, 7, 3, 3, 1, 3, 7, 1, 7, 2, 6, 6, 5, 5, 3, 4, 1, 1, 2, 2, 4, 6, 4, 3, 4, 1, 1, 7, 3, 5, 6, 4, 6, 7, 2, 6, 3, 7, 7, 1, 4, 5, 6, 1, 3, 5, 7, 3, 1, 3, 7, 4, 2, 6, 3, 7, 7, 5, 2, 2, 5, 2, 7, 6, 5, 7, 3, 2, 4, 7, 3, 6, 7, 7, 1, 5, 3, 7, 4, 3, 4, 1, 6, 7, 7, 7, 7, 6, 6, 7, 4, 5, 4, 1, 7, 3, 7, 5, 7, 4, 5, 1, 5, 7, 5, 4, 4, 3, 3, 1, 7, 7, 3, 2, 1, 5, 1, 5, 7, 7, 7, 5, 4, 7, 7, 4, 5, 3, 7, 5, 4, 2, 7, 4, 5, 7, 5, 4, 7, 1, 3, 7, 2, 5, 7, 7, 7, 6, 3, 4, 7, 2, 6, 6, 7, 7, 2, 5, 2, 1, 4, 7, 6, 7, 7, 3, 3, 3, 1, 6, 1, 7, 7, 6, 1, 2, 6, 3, 2, 6, 3, 2, 7, 6, 7, 2, 6, 6, 6, 5, 4, 3, 2, 7, 2, 6, 1, 2, 5, 6, 5, 7, 6, 6, 5, 1, 2, 1, 1, 4, 5, 2, 7, 7, 5, 1, 2, 6, 5, 5, 5, 7, 7, 6, 6, 2, 7, 6, 5, 3, 7, 6, 2, 6, 1, 7, 5, 2, 7, 1, 2, 5, 6, 2, 5, 5, 7, 6, 6, 4, 2, 5, 2, 5, 2, 3, 2, 7, 7, 5, 1, 2, 3, 4, 4, 5, 5, 7, 6, 1, 7, 3, 7, 7, 5, 2, 1, 1, 3, 5, 7, 2, 4, 2, 6, 4, 4, 1, 7, 4, 7, 7, 3, 7, 6, 6, 4, 6, 3, 7, 4, 2, 3, 2, 6, 3, 2, 4, 5, 4, 2, 7, 5, 7, 1, 4, 6, 2, 2, 6, 7, 6, 2, 5, 4, 1, 5, 6, 3, 5, 6, 4, 6, 1, 2, 2, 2, 5, 7, 7, 7, 2, 1, 1, 6, 7, 7, 7, 2, 6, 4, 6, 1, 4, 3, 7, 3, 6, 6, 3, 4, 1, 1, 6, 7, 7, 6, 7, 4, 6, 7, 1, 3, 1, 6, 2, 4, 3, 1, 6, 4, 7, 1, 6, 3, 5, 6, 5, 2, 5, 1, 1, 7, 5, 1, 3, 7, 2, 5, 1, 7, 1, 4, 5, 7, 5, 7, 5, 6, 7, 6, 4, 2, 4, 4, 5, 7, 3, 6, 7, 4, 1, 2, 3, 5, 6, 4, 4, 6, 2, 2, 4, 7, 3, 6, 3, 7, 1, 4, 3, 7, 3, 3, 2, 6, 6, 5, 7, 3, 1, 2, 7, 1, 7, 1, 6, 1, 4, 6, 5, 6, 1, 7, 7, 4, 6, 6, 1, 7, 1, 7, 2, 7, 2, 4, 5, 6, 5, 7, 3, 4, 5, 7, 1, 7, 6, 6, 3, 6, 6, 7, 4, 4, 2, 6, 7, 3, 5, 7, 4, 4, 1, 3, 5, 4, 1, 7, 6, 5, 4, 4, 7, 4, 5, 7, 2, 4, 7, 6, 6, 1, 7, 7, 2, 5, 7, 4, 7, 1, 6, 6, 7, 2, 3, 4, 1, 7, 4, 7, 7, 7, 6, 7, 5, 7, 7, 7, 7, 6, 4, 5, 6, 7, 2, 3, 7, 7, 7, 7, 7, 7, 7, 7, 5, 1, 5, 7, 6, 7, 7, 7, 7, 7, 7, 4, 6, 6, 3, 5, 7, 4, 3, 1, 7, 7, 4, 7, 7, 1, 5, 7, 6, 7, 6, 4, 6, 1, 7, 7, 6, 7, 2, 4, 7, 6, 6, 4, 3, 2, 7, 6, 7, 7, 6, 6, 3, 3, 2, 6, 6, 6, 7, 6, 7, 7, 7, 2, 6, 4, 6, 7, 6, 1, 7, 5, 3, 3, 6, 6, 1, 2, 1, 6, 7, 6, 7, 7, 7, 3, 5, 5, 1, 4, 6, 7, 7, 6, 7, 3, 1, 3, 7, 2, 2, 1, 6, 5, 7, 6, 2, 6, 4, 2, 7, 4, 4, 4, 6, 4, 3, 4, 5, 7, 2, 4, 4, 4, 3, 2, 4, 4, 2, 3, 3, 1, 1, 7, 6, 1, 7, 4, 6, 7, 3, 3, 7, 6, 2, 4, 5, 7, 7, 6, 1, 6, 7, 2, 3, 7, 4, 7, 7, 1, 7, 6, 5, 3, 1, 4, 7, 1, 1, 1, 4, 3, 7, 2, 7, 5, 6, 4, 7, 7, 2, 1, 3, 2, 7, 4, 5, 4, 2, 5, 7, 3, 7, 5, 1, 1, 5, 5, 5, 6, 2, 6, 7, 7, 2, 5, 4, 5, 1, 7, 3, 3, 2, 3, 2, 7, 6, 1, 6, 5, 6, 7, 3, 7, 6, 1, 1, 1, 7, 1, 7, 3, 1, 1, 6, 6, 5, 3, 5, 4, 7, 3, 2, 2, 6, 1, 7, 7, 1, 5, 2, 4, 2, 7, 7, 2, 6, 1, 6, 4, 6, 1, 4, 2, 5, 4, 6, 6, 6, 1, 6, 3, 5, 5, 1, 1, 3, 7, 6, 7, 7, 3, 6, 2, 4, 6, 4, 6, 3, 1, 3, 7, 6, 2, 7, 2, 3, 7, 3, 4, 2, 7, 7, 5, 5, 2, 3, 4, 5, 6, 5, 1, 7, 3, 7, 5, 7, 1, 2, 7, 6, 7, 2, 7, 2, 3, 1, 3, 7, 6, 2, 2, 1, 7, 4, 5, 7, 4, 7, 7, 7, 6, 5, 7, 5, 7, 7, 1, 6, 6, 6, 3, 5, 2, 6, 1, 6, 7, 6, 7, 7, 3, 1, 7, 3, 2, 7, 6, 6, 7, 7, 6, 4, 3, 5, 7, 7, 7, 6, 6, 7, 6, 7, 6, 7, 3, 3, 6, 7, 7, 7, 7, 7, 6, 5, 3, 4, 4, 6, 6, 1, 7, 7, 7, 7, 6, 7, 4, 3, 6, 6, 7, 6, 1, 1, 1, 7, 7, 5, 7, 5, 5, 1, 6, 5, 6, 6, 6, 4, 5, 2, 3, 2, 7, 7, 3, 6, 1, 7, 1, 6, 6, 6, 2, 6, 2, 1, 6, 7, 6, 1, 2, 2, 3, 6, 7, 6, 7, 7, 2, 6, 7, 4, 7, 6, 1, 6, 7, 6, 5, 2, 7, 7, 6, 1, 1, 2, 2, 6, 6, 7, 2, 3, 7, 6, 7, 2, 6, 6, 5, 6, 7, 1, 7, 3, 6, 6, 3, 1, 3, 3, 1, 1, 7, 6, 7, 1, 7, 6, 4, 4, 1, 6, 7, 6, 7, 7, 7, 6, 6, 7, 1, 1, 3, 3, 1, 7, 7, 7, 1, 6, 6, 2, 4, 4, 2, 7, 5, 6, 6, 4, 7, 6, 7, 7, 7, 5, 2, 7, 7, 7, 1, 6, 3, 1, 3, 7, 7, 6, 6, 7, 6, 3, 1, 4, 5, 7, 6, 7, 3, 7, 6, 6, 6, 7, 6, 7, 5, 4, 7, 2, 6, 6, 7, 7, 5, 1, 4, 1, 4, 6, 7, 7, 7, 7, 6, 4, 1, 6, 1, 7, 7, 1, 7, 7, 6, 4, 3, 6, 1, 7, 4, 7, 6, 6, 1, 2, 7, 1, 6, 4, 3, 6, 6]
19, 3, [4402.63333333333, 34531.6403229445, 42293.4840852999, 32.2254338149876], [6, 3, 5, 2, 6, 7, 7, 7, 4, 1, 4, 7, 2, 1, 6, 5, 4, 2, 5, 2, 7, 4, 5, 2, 3, 3, 2, 3, 7, 1, 2, 2, 3, 1, 3, 6, 1, 6, 4, 3, 6, 7, 7, 2, 7, 5, 2, 6, 6, 2, 1, 5, 2, 4, 1, 2, 7, 3, 3, 1, 3, 7, 1, 7, 2, 6, 6, 5, 5, 3, 4, 1, 1, 2, 2, 4, 6, 4, 3, 4, 1, 1, 7, 3, 5, 6, 4, 6, 7, 2, 6, 3, 7, 7, 1, 4, 5, 6, 1, 3, 5, 7, 3, 4, 3, 7, 4, 2, 6, 3, 7, 7, 5, 2, 2, 5, 2, 7, 6, 5, 7, 3, 2, 4, 7, 3, 6, 7, 7, 1, 5, 3, 7, 4, 3, 4, 1, 6, 7, 7, 7, 7, 6, 6, 7, 4, 5, 4, 1, 7, 3, 7, 5, 7, 4, 5, 1, 5, 7, 5, 4, 4, 3, 3, 1, 7, 7, 3, 2, 1, 5, 1, 5, 7, 7, 7, 5, 4, 7, 7, 4, 5, 3, 7, 5, 4, 2, 7, 4, 5, 7, 5, 4, 7, 1, 3, 7, 2, 5, 7, 7, 7, 6, 3, 4, 7, 2, 6, 6, 7, 7, 2, 5, 2, 1, 4, 7, 6, 7, 7, 7, 3, 3, 1, 6, 1, 7, 7, 6, 1, 2, 6, 3, 2, 6, 3, 2, 7, 6, 7, 2, 6, 6, 6, 5, 4, 3, 2, 7, 2, 6, 1, 2, 5, 3, 5, 7, 6, 6, 5, 1, 2, 1, 1, 4, 5, 2, 7, 7, 5, 1, 2, 6, 5, 5, 5, 7, 7, 6, 6, 2, 7, 6, 5, 3, 7, 6, 2, 6, 1, 7, 5, 2, 7, 1, 2, 5, 6, 2, 5, 5, 7, 6, 6, 4, 2, 5, 2, 5, 2, 3, 2, 7, 7, 5, 1, 2, 3, 4, 4, 5, 5, 7, 6, 1, 7, 3, 4, 7, 5, 2, 1, 1, 3, 5, 7, 2, 4, 2, 6, 4, 4, 1, 7, 4, 7, 7, 3, 7, 6, 6, 4, 6, 3, 7, 4, 2, 3, 2, 6, 3, 2, 4, 5, 4, 2, 7, 5, 7, 1, 4, 6, 2, 2, 6, 7, 6, 2, 5, 4, 1, 5, 6, 3, 5, 6, 4, 6, 1, 2, 2, 2, 5, 7, 7, 7, 2, 1, 1, 6, 7, 7, 7, 2, 6, 4, 6, 1, 4, 3, 7, 3, 6, 6, 3, 4, 5, 1, 6, 7, 7, 6, 7, 4, 6, 7, 1, 3, 1, 6, 2, 4, 3, 1, 6, 4, 7, 1, 6, 3, 5, 6, 5, 2, 5, 1, 1, 7, 5, 1, 3, 7, 2, 5, 1, 7, 1, 4, 5, 7, 5, 7, 5, 6, 7, 6, 4, 2, 4, 4, 5, 7, 3, 6, 7, 4, 1, 2, 3, 5, 6, 4, 4, 6, 2, 2, 4, 7, 3, 6, 3, 7, 1, 4, 3, 7, 3, 3, 2, 6, 6, 5, 7, 3, 1, 2, 7, 1, 7, 1, 6, 1, 4, 6, 5, 6, 1, 7, 7, 4, 6, 6, 1, 7, 1, 7, 2, 7, 2, 4, 5, 6, 5, 7, 3, 4, 5, 7, 1, 7, 6, 6, 3, 6, 6, 7, 4, 4, 2, 6, 7, 3, 5, 7, 4, 4, 1, 3, 5, 4, 1, 7, 6, 5, 4, 4, 7, 4, 5, 7, 2, 4, 7, 6, 6, 1, 7, 7, 2, 5, 7, 4, 7, 1, 6, 6, 7, 2, 3, 4, 1, 7, 4, 7, 7, 7, 6, 7, 5, 7, 7, 7, 7, 6, 4, 5, 6, 7, 2, 3, 7, 7, 7, 7, 7, 7, 7, 7, 5, 1, 5, 7, 6, 7, 7, 7, 7, 7, 7, 4, 6, 6, 3, 5, 7, 4, 3, 1, 7, 7, 4, 7, 7, 1, 5, 7, 6, 7, 6, 4, 6, 1, 7, 7, 6, 7, 2, 4, 7, 6, 6, 4, 3, 2, 7, 6, 7, 7, 6, 6, 5, 3, 2, 6, 6, 6, 7, 6, 7, 7, 7, 2, 6, 4, 6, 7, 6, 1, 7, 5, 3, 3, 6, 6, 1, 2, 1, 6, 7, 6, 7, 7, 7, 3, 5, 5, 1, 4, 6, 7, 7, 6, 7, 3, 1, 3, 7, 2, 2, 1, 6, 5, 7, 6, 2, 6, 4, 2, 7, 4, 4, 4, 6, 4, 3, 4, 5, 7, 2, 4, 4, 4, 3, 2, 4, 4, 2, 3, 3, 1, 1, 7, 6, 1, 7, 4, 6, 7, 3, 3, 7, 6, 2, 4, 5, 7, 7, 6, 1, 6, 7, 2, 3, 7, 4, 7, 7, 1, 7, 6, 5, 3, 1, 4, 7, 1, 1, 1, 4, 3, 7, 2, 7, 5, 6, 4, 7, 7, 2, 1, 6, 2, 7, 4, 5, 4, 2, 5, 7, 3, 7, 5, 1, 1, 5, 5, 5, 6, 2, 6, 7, 7, 2, 5, 4, 5, 1, 7, 3, 3, 2, 3, 2, 7, 6, 1, 6, 5, 6, 7, 3, 7, 6, 1, 1, 1, 7, 1, 7, 3, 1, 1, 6, 6, 5, 3, 5, 4, 7, 3, 2, 2, 6, 1, 7, 7, 1, 5, 2, 4, 2, 7, 7, 2, 6, 1, 6, 4, 6, 1, 4, 2, 5, 4, 6, 6, 6, 1, 6, 3, 5, 5, 1, 1, 3, 7, 6, 7, 7, 3, 6, 2, 4, 6, 4, 6, 3, 1, 3, 7, 6, 2, 7, 2, 3, 7, 3, 4, 2, 7, 7, 5, 5, 2, 3, 4, 5, 6, 5, 1, 7, 3, 7, 5, 7, 1, 2, 7, 6, 7, 2, 7, 2, 3, 1, 3, 7, 6, 2, 2, 1, 7, 4, 5, 7, 4, 7, 7, 7, 6, 5, 7, 5, 7, 7, 1, 6, 6, 6, 3, 5, 2, 6, 1, 6, 7, 6, 7, 7, 3, 1, 7, 3, 2, 7, 6, 6, 7, 7, 6, 4, 3, 5, 7, 7, 7, 6, 6, 7, 6, 7, 6, 7, 3, 3, 6, 7, 7, 7, 7, 7, 6, 5, 3, 4, 4, 6, 6, 1, 7, 7, 7, 7, 6, 7, 4, 3, 6, 6, 7, 6, 1, 1, 1, 7, 7, 5, 7, 5, 5, 1, 6, 5, 6, 6, 6, 4, 5, 2, 3, 2, 7, 7, 3, 6, 1, 7, 1, 6, 6, 5, 2, 6, 2, 1, 6, 7, 6, 1, 2, 2, 3, 6, 7, 6, 7, 7, 2, 6, 7, 4, 7, 6, 1, 6, 7, 6, 5, 2, 7, 7, 6, 1, 1, 2, 2, 6, 6, 7, 2, 3, 7, 6, 7, 2, 6, 6, 5, 6, 7, 1, 7, 3, 6, 6, 3, 1, 3, 3, 1, 1, 7, 6, 7, 1, 7, 6, 4, 4, 1, 6, 7, 6, 7, 7, 7, 6, 6, 7, 1, 1, 3, 3, 1, 7, 7, 7, 1, 6, 6, 2, 4, 4, 2, 7, 5, 6, 6, 4, 7, 6, 7, 7, 7, 5, 2, 7, 7, 7, 1, 6, 3, 1, 3, 7, 7, 6, 6, 7, 6, 3, 1, 4, 5, 7, 6, 7, 4, 7, 6, 6, 6, 7, 6, 7, 5, 4, 7, 2, 6, 6, 7, 7, 5, 1, 4, 1, 4, 6, 7, 7, 7, 7, 6, 4, 1, 6, 1, 7, 7, 1, 7, 7, 6, 4, 3, 6, 1, 7, 4, 7, 6, 6, 1, 2, 7, 1, 6, 4, 3, 6, 6]
19, 4, [4498.4, 33799.3755687981, 42374.5358019963, 32.033060925941], [6, 3, 5, 2, 6, 7, 7, 7, 4, 1, 4, 7, 2, 1, 6, 5, 4, 2, 5, 2, 7, 4, 5, 2, 3, 3, 2, 3, 7, 1, 2, 2, 3, 1, 3, 6, 1, 6, 4, 3, 6, 7, 7, 2, 7, 5, 2, 6, 6, 2, 1, 5, 2, 4, 1, 2, 7, 3, 1, 1, 3, 7, 1, 7, 2, 6, 6, 5, 5, 3, 4, 1, 1, 2, 2, 4, 6, 4, 3, 4, 1, 1, 7, 3, 5, 6, 4, 6, 7, 2, 6, 3, 7, 7, 1, 4, 6, 6, 1, 3, 5, 7, 3, 4, 3, 7, 4, 2, 6, 3, 7, 7, 5, 2, 2, 5, 2, 7, 6, 2, 7, 3, 2, 3, 7, 3, 6, 7, 7, 1, 5, 3, 7, 4, 3, 4, 1, 6, 7, 6, 3, 5, 6, 6, 6, 1, 5, 6, 5, 7, 7, 7, 4, 1, 5, 5, 1, 1, 7, 7, 1, 3, 1, 3, 2, 7, 7, 4, 4, 5, 4, 7, 3, 7, 6, 6, 6, 3, 5, 2, 5, 7, 3, 7, 7, 6, 7, 6, 3, 6, 6, 7, 6, 4, 3, 5, 5, 6, 7, 6, 7, 1, 3, 4, 4, 7, 1, 2, 6, 7, 7, 2, 5, 2, 1, 4, 7, 6, 7, 7, 3, 3, 3, 1, 6, 1, 7, 7, 6, 1, 2, 6, 1, 2, 6, 3, 2, 7, 6, 7, 2, 6, 6, 6, 5, 4, 3, 2, 7, 2, 6, 1, 2, 5, 6, 5, 7, 6, 6, 5, 1, 2, 1, 1, 4, 5, 2, 2, 7, 5, 1, 2, 6, 5, 5, 5, 7, 7, 6, 6, 2, 7, 6, 5, 3, 7, 6, 2, 6, 1, 7, 5, 2, 7, 1, 2, 5, 6, 2, 5, 5, 7, 6, 6, 4, 2, 5, 2, 5, 2, 3, 2, 7, 7, 5, 1, 2, 3, 4, 4, 5, 5, 7, 6, 1, 7, 3, 7, 7, 5, 1, 1, 1, 3, 5, 7, 2, 4, 2, 6, 4, 4, 1, 7, 4, 7, 7, 3, 7, 6, 6, 4, 6, 3, 7, 4, 2, 3, 2, 6, 3, 2, 4, 5, 4, 2, 7, 5, 7, 1, 4, 6, 2, 2, 6, 7, 6, 2, 5, 4, 1, 5, 7, 3, 5, 6, 4, 6, 1, 2, 2, 2, 5, 7, 7, 7, 2, 1, 1, 6, 7, 7, 7, 2, 6, 4, 6, 1, 4, 3, 7, 3, 6, 7, 3, 4, 1, 1, 6, 7, 7, 6, 7, 4, 6, 7, 1, 3, 1, 6, 2, 4, 3, 1, 6, 4, 7, 1, 6, 3, 5, 6, 5, 2, 5, 1, 1, 7, 5, 1, 3, 7, 2, 5, 1, 7, 1, 4, 5, 7, 5, 7, 5, 6, 7, 6, 4, 2, 4, 4, 5, 7, 3, 6, 7, 4, 1, 2, 3, 5, 6, 4, 4, 6, 2, 2, 4, 7, 3, 6, 3, 7, 1, 4, 3, 7, 3, 3, 2, 6, 6, 5, 7, 3, 1, 2, 7, 1, 7, 1, 6, 1, 4, 6, 5, 6, 1, 7, 7, 4, 6, 6, 1, 7, 1, 7, 2, 7, 2, 4, 5, 6, 5, 4, 3, 4, 5, 7, 1, 7, 6, 6, 3, 6, 6, 7, 4, 4, 2, 6, 7, 3, 5, 7, 4, 4, 1, 3, 5, 4, 1, 6, 6, 5, 4, 4, 7, 4, 5, 7, 2, 4, 7, 6, 6, 1, 7, 7, 2, 5, 7, 4, 7, 1, 6, 6, 7, 2, 3, 4, 1, 7, 4, 7, 7, 7, 6, 7, 5, 7, 7, 7, 7, 6, 4, 5, 6, 7, 2, 3, 7, 7, 7, 7, 7, 7, 7, 7, 5, 1, 5, 7, 6, 7, 7, 7, 7, 7, 7, 4, 6, 6, 3, 5, 7, 4, 3, 1, 7, 7, 4, 7, 7, 1, 5, 7, 6, 7, 6, 4, 6, 1, 7, 7, 6, 7, 2, 4, 7, 6, 6, 4, 3, 2, 7, 6, 7, 7, 6, 6, 3, 3, 2, 6, 6, 6, 7, 6, 7, 7, 7, 2, 6, 4, 6, 7, 6, 1, 1, 5, 3, 3, 6, 6, 1, 2, 1, 6, 7, 6, 7, 7, 7, 3, 5, 5, 1, 4, 6, 7, 7, 6, 6, 3, 1, 3, 7, 2, 2, 1, 6, 5, 7, 6, 2, 6, 4, 2, 6, 4, 4, 4, 6, 4, 3, 4, 5, 7, 2, 4, 4, 4, 3, 2, 4, 4, 2, 3, 3, 1, 1, 7, 6, 1, 7, 4, 6, 7, 3, 3, 7, 6, 2, 4, 5, 7, 7, 6, 1, 6, 7, 2, 3, 7, 4, 7, 7, 1, 7, 6, 5, 3, 1, 4, 7, 1, 1, 1, 4, 3, 7, 2, 7, 5, 6, 4, 7, 7, 2, 1, 3, 2, 7, 4, 5, 4, 2, 5, 7, 3, 7, 5, 1, 1, 5, 5, 5, 6, 2, 6, 7, 7, 2, 5, 4, 5, 1, 7, 3, 3, 2, 3, 2, 7, 6, 1, 6, 5, 6, 7, 3, 7, 6, 1, 1, 1, 7, 1, 2, 3, 1, 1, 6, 6, 5, 3, 5, 4, 7, 3, 2, 2, 6, 1, 7, 7, 1, 5, 2, 4, 2, 7, 7, 2, 6, 1, 6, 4, 6, 1, 4, 2, 5, 4, 6, 6, 6, 1, 6, 3, 5, 5, 1, 1, 3, 7, 6, 7, 7, 3, 6, 2, 4, 6, 4, 6, 3, 1, 3, 7, 6, 2, 7, 2, 3, 7, 3, 4, 2, 7, 7, 5, 5, 2, 3, 4, 5, 6, 5, 7, 7, 3, 7, 5, 7, 1, 2, 7, 6, 7, 2, 7, 2, 3, 1, 3, 7, 6, 6, 2, 1, 7, 4, 5, 7, 4, 7, 7, 7, 6, 5, 7, 5, 7, 7, 1, 6, 6, 6, 3, 5, 2, 6, 1, 6, 7, 6, 7, 7, 3, 1, 7, 3, 2, 7, 6, 6, 7, 7, 6, 4, 3, 5, 7, 7, 7, 6, 6, 7, 6, 7, 6, 7, 3, 3, 6, 7, 7, 7, 7, 7, 6, 5, 3, 4, 4, 6, 6, 1, 7, 7, 7, 7, 6, 7, 4, 3, 6, 6, 7, 6, 1, 1, 1, 7, 7, 5, 7, 5, 5, 1, 6, 5, 6, 6, 6, 4, 5, 2, 3, 2, 7, 7, 3, 6, 1, 7, 1, 6, 6, 6, 7, 6, 2, 1, 6, 7, 6, 1, 2, 2, 3, 6, 7, 6, 7, 7, 2, 6, 7, 4, 7, 6, 1, 6, 7, 6, 7, 2, 7, 7, 6, 1, 7, 2, 2, 6, 6, 7, 2, 3, 7, 6, 7, 2, 6, 6, 5, 6, 6, 1, 7, 3, 6, 6, 3, 1, 3, 3, 1, 1, 7, 6, 7, 1, 7, 6, 4, 4, 1, 6, 7, 6, 7, 7, 7, 6, 6, 7, 1, 1, 3, 3, 1, 7, 7, 7, 1, 6, 6, 2, 4, 4, 2, 7, 5, 6, 6, 4, 7, 6, 7, 7, 7, 5, 2, 7, 7, 7, 1, 6, 3, 1, 3, 7, 7, 6, 6, 7, 6, 3, 1, 4, 5, 7, 6, 7, 3, 7, 6, 6, 6, 7, 6, 4, 5, 4, 7, 2, 6, 6, 7, 7, 5, 1, 4, 1, 4, 6, 7, 7, 7, 7, 6, 4, 1, 6, 1, 7, 7, 1, 7, 7, 6, 4, 3, 6, 1, 7, 4, 7, 6, 6, 1, 2, 7, 1, 6, 5, 3, 6, 6]
20, 0, [853.166666666667, 54786.2564458678, 43736.4846080899, 24.087818867946], [1, 2, 3, 4, 5, 6, 7, 3, 3, 3, 3, 3, 3, 3, 3, 3, 3, 3, 3, 3, 3, 3, 3, 3, 3, 3, 3, 3, 3, 3, 3, 3, 3, 3, 3, 3, 3, 3, 3, 3, 3, 3, 3, 3, 3, 3, 3, 3, 3, 3, 3, 3, 3, 3, 3, 3, 3, 3, 3, 3, 3, 3, 3, 3, 3, 3, 3, 3, 3, 3, 3, 3, 3, 3, 3, 3, 3, 3, 3, 3, 3, 3, 3, 3, 3, 3, 3, 3, 3, 3, 3, 3, 3, 3, 3, 3, 3, 3, 3, 3, 3, 3, 3, 3, 3, 3, 3, 3, 3, 3, 6, 3, 3, 3, 3, 3, 3, 6, 6, 3, 3, 3, 3, 3, 3, 3, 6, 7, 3, 3, 3, 3, 6, 3, 3, 3, 3, 6, 7, 6, 3, 3, 3, 6, 6, 3, 3, 3, 3, 7, 3, 7, 3, 3, 3, 3, 3, 3, 6, 3, 3, 3, 3, 3, 3, 7, 7, 3, 3, 3, 3, 3, 3, 7, 6, 3, 3, 3, 3, 3, 3, 3, 3, 7, 3, 3, 3, 3, 3, 3, 3, 3, 3, 3, 3, 3, 3, 3, 3, 6, 6, 3, 3, 3, 3, 3, 3, 3, 3, 7, 6, 3, 3, 3, 3, 3, 3, 3, 3, 7, 3, 3, 3, 3, 3, 3, 3, 3, 3, 3, 3, 3, 3, 3, 3, 3, 3, 3, 3, 7, 3, 3, 3, 3, 3, 3, 3, 3, 3, 3, 3, 3, 3, 3, 3, 3, 3, 3, 3, 3, 3, 3, 3, 3, 3, 3, 3, 3, 3, 3, 3, 3, 3, 3, 3, 3, 7, 3, 3, 3, 3, 3, 3, 3, 3, 6, 3, 3, 3, 3, 3, 3, 3, 3, 3, 3, 3, 3, 3, 3, 3, 3, 3, 6, 3, 3, 3, 3, 3, 3, 3, 3, 3, 6, 3, 3, 3, 3, 3, 3, 3, 3, 3, 6, 3, 3, 3, 3, 3, 3, 3, 3, 3, 3, 3, 7, 3, 3, 3, 3, 3, 3, 3, 3, 3, 3, 3, 3, 3, 3, 3, 3, 3, 3, 3, 3, 3, 3, 3, 3, 3, 3, 3, 3, 3, 3, 3, 3, 6, 3, 3, 3, 3, 3, 3, 3, 3, 3, 3, 3, 3, 3, 6, 3, 3, 3, 3, 3, 3, 3, 3, 3, 3, 3, 6, 3, 3, 3, 3, 3, 3, 3, 3, 3, 3, 3, 6, 3, 3, 3, 3, 3, 3, 3, 3, 3, 3, 3, 3, 7, 3, 3, 7, 3, 3, 3, 3, 3, 3, 3, 3, 3, 3, 3, 3, 3, 7, 3, 3, 3, 3, 3, 3, 3, 3, 3, 3, 3, 3, 3, 3, 3, 3, 3, 3, 3, 3, 3, 3, 3, 3, 3, 3, 3, 7, 3, 3, 3, 3, 3, 3, 3, 3, 3, 3, 3, 3, 3, 3, 3, 3, 3, 3, 3, 3, 3, 3, 3, 3, 3, 3, 3, 3, 3, 3, 7, 3, 3, 3, 3, 3, 3, 3, 3, 3, 3, 7, 3, 3, 3, 6, 3, 3, 3, 3, 3, 3, 7, 3, 3, 3, 6, 3, 3, 3, 3, 3, 3, 3, 3, 3, 6, 3, 3, 3, 3, 3, 3, 3, 6, 6, 3, 3, 3, 3, 3, 3, 3, 3, 3, 6, 3, 3, 6, 3, 3, 3, 3, 3, 3, 3, 6, 6, 3, 3, 3, 3, 3, 3, 3, 3, 3, 7, 6, 6, 3, 6, 3, 3, 3, 7, 3, 3, 3, 6, 6, 6, 3, 3, 3, 3, 7, 3, 7, 3, 6, 3, 3, 3, 6, 7, 7, 7, 6, 3, 3, 6, 6, 3, 3, 7, 7, 7, 7, 7, 7, 6, 6, 3, 3, 3, 3, 6, 7, 7, 3, 7, 7, 7, 3, 6, 6, 3, 3, 6, 3, 3, 3, 7, 3, 3, 7, 7, 3, 3, 6, 6, 6, 6, 3, 3, 3, 7, 7, 6, 7, 3, 3, 3, 6, 6, 3, 3, 3, 7, 3, 6, 3, 3, 3, 3, 3, 3, 6, 6, 6, 7, 3, 7, 7, 7, 3, 3, 3, 6, 6, 6, 3, 7, 3, 3, 3, 3, 3, 3, 3, 3, 6, 6, 6, 7, 3, 3, 3, 3, 3, 3, 3, 3, 6, 6, 6, 7, 3, 3, 3, 3, 3, 3, 3, 3, 3, 6, 6, 3, 3, 3, 3, 6, 3, 3, 3, 3, 3, 3, 3, 3, 3, 3, 3, 3, 3, 3, 3, 3, 3, 3, 3, 3, 3, 3, 3, 3, 3, 3, 3, 3, 7, 3, 3, 3, 3, 3, 3, 3, 7, 7, 3, 3, 3, 3, 3, 3, 3, 3, 7, 7, 3, 3, 6, 3, 3, 3, 3, 3, 3, 3, 3, 3, 3, 7, 3, 3, 3, 3, 3, 7, 7, 3, 3, 3, 3, 3, 3, 3, 3, 3, 3, 7, 3, 3, 3, 3, 3, 3, 3, 3, 3, 3, 3, 3, 3, 3, 3, 3, 3, 3, 3, 3, 3, 3, 3, 3, 3, 3, 3, 3, 3, 3, 3, 3, 6, 6, 3, 3, 3, 3, 3, 3, 3, 3, 3, 6, 6, 3, 3, 3, 3, 3, 3, 3, 3, 6, 3, 3, 3, 3, 3, 3, 3, 3, 3, 3, 3, 6, 3, 3, 3, 3, 3, 3, 3, 3, 3, 6, 6, 3, 3, 3, 3, 3, 3, 3, 3, 3, 6, 6, 3, 3, 3, 3, 3, 3, 3, 3, 6, 3, 3, 3, 3, 3, 3, 7, 3, 3, 6, 3, 3, 3, 3, 3, 3, 3, 3, 3, 3, 3, 3, 3, 3, 3, 3, 3, 3, 6, 3, 3, 3, 3, 3, 3, 3, 3, 3, 3, 3, 3, 6, 3, 3, 3, 7, 3, 3, 6, 3, 3, 3, 3, 3, 3, 3, 3, 6, 6, 3, 6, 6, 3, 3, 3, 3, 3, 3, 6, 6, 6, 6, 6, 3, 3, 3, 3, 3, 6, 6, 6, 6, 6, 6, 3, 3, 3, 3, 3, 6, 6, 6, 6, 6, 6, 6, 3, 3, 3, 6, 6, 7, 6, 6, 6, 6, 3, 3, 3, 3, 6, 6, 3, 6, 6, 6, 6, 6, 6, 3, 3, 6, 6, 6, 3, 3, 3, 3, 6, 6, 3, 3, 3, 3, 3, 6, 3, 3, 6, 6, 3, 3, 3, 3, 3, 6, 6, 3, 3, 3, 6, 3, 3, 3, 3, 3, 6, 3, 3, 3, 6, 3, 3, 3, 3, 3, 6, 6, 6, 3, 7, 3, 6, 6, 3, 3, 3, 3, 3, 6, 3, 3, 3, 6, 6, 6, 3, 3, 3, 3, 6, 6, 6, 3, 3, 6, 6, 6, 3, 3, 3, 3, 6, 6, 3, 3, 3, 6, 6, 3, 3, 3, 3, 3, 3, 6, 6, 3, 3, 6, 6, 3, 3, 3, 3, 3, 3, 6, 6, 7, 6, 6, 6, 3, 3, 3, 3, 3, 6, 6, 7, 3, 6, 6, 3, 3, 3, 3, 7, 3, 6, 6, 3, 6, 6, 6, 3, 7, 3, 3, 6, 6, 6, 3, 6, 3, 3, 3, 3, 3, 6, 6, 6, 6, 3, 3, 3, 3, 3, 3, 7, 3, 6, 6, 6, 6, 3, 3, 3, 3, 3, 3, 3, 6, 6, 6, 6, 3, 3, 3, 3, 3, 3, 7, 3, 6, 6, 6, 3, 3, 3, 3, 3, 7, 3, 7, 6, 6, 3, 3, 3, 3, 3, 3, 7, 6, 3, 3, 3, 7, 3, 3, 3, 3, 3, 3]
20, 1, [883.833333333333, 54596.7414168965, 43738.1245653548, 24.1469353245566], [1, 2, 3, 4, 5, 6, 7, 3, 3, 3, 3, 3, 3, 3, 3, 3, 3, 3, 3, 3, 3, 3, 3, 3, 3, 3, 3, 3, 3, 3, 3, 3, 3, 3, 3, 3, 3, 3, 3, 3, 3, 3, 3, 3, 3, 4, 3, 3, 3, 3, 3, 3, 3, 3, 3, 3, 3, 3, 3, 3, 3, 3, 3, 3, 3, 3, 3, 3, 3, 3, 3, 3, 3, 3, 3, 3, 3, 3, 3, 3, 3, 3, 3, 3, 3, 3, 3, 3, 3, 3, 3, 3, 3, 3, 3, 3, 3, 3, 3, 3, 3, 3, 3, 3, 3, 3, 3, 3, 3, 3, 6, 3, 3, 3, 3, 3, 3, 6, 6, 3, 3, 3, 3, 3, 3, 3, 6, 7, 3, 3, 3, 3, 6, 3, 3, 3, 3, 6, 7, 6, 3, 3, 3, 6, 6, 3, 3, 3, 3, 7, 3, 7, 3, 3, 3, 3, 3, 3, 6, 3, 3, 3, 3, 3, 3, 7, 7, 3, 3, 3, 3, 3, 3, 7, 6, 3, 3, 3, 3, 3, 3, 3, 3, 7, 3, 3, 3, 3, 3, 3, 3, 3, 3, 3, 3, 3, 3, 3, 3, 6, 6, 3, 3, 3, 3, 3, 3, 3, 3, 7, 6, 3, 3, 3, 3, 3, 3, 3, 3, 7, 3, 3, 3, 3, 3, 3, 3, 3, 3, 3, 3, 3, 3, 3, 3, 3, 3, 3, 3, 7, 3, 3, 3, 3, 3, 3, 3, 3, 3, 3, 3, 3, 3, 3, 3, 3, 3, 3, 3, 3, 3, 3, 3, 3, 3, 3, 3, 3, 3, 3, 3, 3, 3, 3, 3, 3, 7, 3, 3, 3, 3, 3, 3, 3, 3, 6, 3, 3, 3, 3, 1, 3, 3, 3, 3, 3, 3, 3, 3, 3, 3, 3, 3, 6, 3, 3, 3, 3, 3, 3, 3, 3, 3, 6, 3, 3, 3, 3, 2, 3, 3, 3, 3, 6, 3, 3, 3, 3, 3, 3, 3, 3, 3, 3, 3, 7, 3, 6, 3, 3, 3, 3, 3, 3, 3, 3, 3, 3, 3, 3, 3, 3, 3, 3, 3, 3, 3, 3, 3, 3, 3, 3, 3, 3, 3, 3, 3, 3, 6, 3, 3, 3, 3, 3, 3, 3, 3, 3, 3, 3, 3, 3, 6, 3, 3, 3, 3, 3, 3, 3, 3, 3, 3, 3, 6, 3, 3, 3, 3, 3, 3, 3, 3, 3, 3, 3, 6, 3, 3, 3, 3, 3, 3, 3, 3, 3, 3, 3, 3, 7, 3, 3, 7, 3, 3, 3, 3, 3, 3, 3, 3, 3, 3, 3, 3, 3, 7, 3, 3, 3, 3, 3, 3, 3, 3, 3, 3, 3, 3, 3, 3, 3, 3, 3, 3, 1, 3, 3, 3, 3, 3, 3, 3, 3, 7, 3, 3, 3, 3, 3, 3, 3, 3, 3, 3, 3, 3, 3, 3, 3, 3, 3, 3, 3, 3, 3, 3, 3, 3, 3, 3, 3, 3, 3, 3, 7, 3, 3, 3, 3, 2, 3, 3, 3, 3, 3, 7, 3, 3, 3, 6, 3, 3, 3, 3, 3, 3, 7, 3, 3, 3, 6, 3, 3, 3, 3, 3, 3, 3, 3, 3, 6, 3, 3, 3, 3, 3, 3, 3, 6, 6, 3, 3, 3, 3, 3, 3, 3, 3, 3, 6, 3, 3, 6, 3, 3, 3, 3, 3, 3, 3, 6, 6, 3, 3, 3, 3, 3, 3, 3, 3, 3, 7, 6, 6, 3, 6, 3, 3, 3, 7, 3, 3, 3, 6, 6, 6, 3, 3, 3, 3, 7, 3, 7, 3, 6, 3, 3, 3, 6, 7, 7, 7, 6, 3, 3, 6, 6, 3, 3, 7, 7, 7, 7, 7, 7, 6, 6, 3, 3, 3, 3, 6, 7, 7, 3, 7, 7, 7, 3, 6, 6, 3, 3, 6, 3, 3, 3, 7, 3, 3, 7, 7, 3, 3, 6, 6, 6, 6, 3, 3, 3, 7, 7, 6, 7, 3, 3, 3, 6, 6, 3, 3, 3, 7, 3, 6, 3, 3, 3, 3, 3, 3, 6, 6, 6, 7, 3, 7, 7, 7, 3, 3, 3, 6, 6, 6, 3, 7, 3, 3, 3, 3, 3, 3, 3, 3, 6, 6, 6, 7, 3, 3, 3, 3, 3, 3, 3, 3, 6, 6, 6, 7, 3, 3, 3, 3, 3, 3, 3, 3, 3, 6, 6, 3, 3, 3, 3, 6, 3, 3, 3, 3, 3, 3, 3, 3, 3, 3, 3, 3, 3, 3, 3, 3, 3, 3, 3, 3, 3, 3, 3, 3, 3, 3, 3, 3, 7, 3, 3, 3, 3, 3, 3, 3, 7, 7, 3, 3, 3, 3, 3, 3, 3, 3, 7, 7, 3, 3, 6, 3, 3, 3, 3, 3, 3, 3, 3, 3, 3, 7, 3, 3, 3, 3, 3, 7, 7, 3, 3, 3, 3, 3, 3, 3, 3, 3, 3, 7, 3, 3, 3, 3, 3, 3, 3, 3, 3, 3, 3, 3, 3, 3, 3, 3, 3, 3, 3, 3, 3, 3, 3, 3, 3, 3, 3, 3, 3, 3, 3, 3, 6, 6, 3, 3, 3, 3, 3, 3, 3, 3, 3, 6, 6, 3, 3, 3, 3, 3, 3, 3, 3, 6, 3, 3, 3, 3, 3, 3, 3, 3, 3, 3, 3, 6, 3, 3, 3, 3, 3, 3, 3, 3, 3, 6, 6, 3, 3, 3, 3, 3, 3, 3, 3, 3, 6, 6, 3, 3, 3, 3, 3, 3, 3, 3, 6, 3, 3, 3, 3, 3, 3, 7, 3, 3, 6, 3, 3, 3, 3, 3, 3, 3, 3, 3, 3, 3, 3, 3, 3, 3, 3, 3, 3, 6, 3, 3, 3, 3, 3, 3, 3, 3, 3, 3, 3, 3, 6, 3, 3, 3, 7, 3, 3, 6, 3, 3, 3, 3, 3, 3, 3, 3, 6, 6, 3, 6, 6, 3, 3, 3, 3, 3, 3, 6, 6, 6, 6, 6, 3, 3, 3, 3, 3, 6, 6, 6, 6, 6, 6, 3, 3, 3, 3, 3, 6, 6, 6, 6, 6, 6, 6, 3, 3, 3, 6, 6, 7, 6, 6, 6, 6, 3, 3, 3, 3, 6, 6, 3, 6, 6, 6, 6, 6, 6, 3, 3, 6, 6, 6, 3, 3, 3, 3, 6, 6, 3, 3, 3, 3, 3, 6, 3, 3, 6, 6, 3, 3, 3, 3, 3, 6, 6, 3, 3, 3, 6, 3, 3, 3, 3, 3, 7, 3, 3, 3, 6, 3, 3, 3, 3, 3, 6, 6, 6, 3, 7, 3, 6, 6, 3, 3, 3, 3, 3, 6, 3, 3, 3, 6, 6, 6, 3, 3, 3, 3, 6, 6, 6, 3, 3, 6, 6, 6, 3, 3, 3, 3, 6, 6, 3, 3, 3, 6, 6, 3, 3, 3, 1, 3, 3, 6, 6, 3, 3, 6, 6, 3, 3, 3, 3, 3, 3, 6, 6, 7, 6, 6, 6, 3, 3, 3, 3, 3, 6, 6, 7, 3, 6, 6, 3, 3, 3, 3, 7, 3, 6, 6, 3, 6, 6, 6, 3, 7, 3, 3, 6, 6, 6, 3, 6, 3, 3, 3, 3, 3, 6, 6, 6, 6, 3, 3, 3, 3, 3, 3, 7, 3, 6, 6, 6, 6, 3, 3, 3, 3, 3, 3, 3, 6, 6, 6, 6, 3, 3, 3, 3, 3, 3, 7, 3, 6, 6, 6, 3, 3, 3, 3, 3, 7, 3, 7, 6, 6, 3, 3, 3, 3, 3, 3, 7, 6, 3, 3, 3, 7, 3, 3, 3, 3, 3, 3]
20, 2, [4427.31666666667, 34333.336964792, 42307.8148320385, 32.2254338149876], [1, 3, 5, 2, 6, 7, 7, 7, 4, 1, 4, 7, 2, 1, 6, 5, 4, 2, 5, 2, 7, 4, 5, 2, 3, 3, 2, 3, 7, 1, 2, 2, 3, 1, 3, 6, 1, 6, 4, 3, 6, 7, 7, 2, 7, 5, 2, 6, 6, 2, 1, 5, 2, 4, 1, 2, 7, 3, 3, 1, 3, 7, 1, 7, 2, 6, 6, 5, 5, 3, 4, 1, 1, 2, 2, 4, 6, 4, 3, 4, 1, 1, 7, 3, 5, 6, 4, 6, 7, 2, 6, 3, 7, 7, 1, 4, 5, 6, 1, 3, 5, 7, 3, 1, 3, 7, 4, 2, 6, 3, 7, 7, 5, 2, 2, 5, 2, 7, 6, 5, 7, 3, 2, 4, 7, 3, 6, 7, 7, 1, 5, 3, 7, 4, 3, 4, 1, 6, 7, 7, 7, 7, 6, 6, 7, 4, 5, 4, 1, 7, 3, 7, 5, 7, 4, 5, 1, 5, 7, 5, 4, 4, 3, 3, 1, 7, 7, 3, 2, 1, 5, 1, 5, 7, 7, 7, 5, 4, 7, 7, 4, 5, 3, 7, 5, 4, 2, 7, 4, 5, 7, 5, 4, 7, 1, 3, 7, 2, 5, 7, 7, 7, 6, 3, 4, 7, 2, 6, 6, 7, 7, 2, 5, 2, 1, 4, 7, 6, 7, 7, 3, 3, 3, 1, 6, 1, 7, 7, 6, 1, 2, 6, 3, 2, 6, 3, 2, 7, 6, 7, 2, 6, 6, 6, 5, 4, 3, 2, 7, 2, 6, 1, 2, 5, 6, 5, 7, 6, 6, 5, 1, 2, 1, 1, 4, 5, 2, 7, 7, 5, 1, 2, 6, 5, 5, 5, 7, 7, 6, 6, 2, 7, 6, 5, 3, 7, 6, 2, 6, 1, 7, 5, 2, 7, 1, 2, 5, 6, 2, 5, 5, 7, 6, 6, 4, 2, 5, 2, 5, 2, 3, 2, 7, 7, 5, 1, 2, 3, 4, 4, 5, 5, 7, 6, 1, 7, 3, 7, 7, 5, 2, 1, 1, 3, 5, 7, 2, 4, 2, 6, 4, 4, 1, 7, 4, 7, 7, 3, 7, 6, 6, 4, 6, 3, 7, 4, 2, 3, 2, 6, 3, 2, 4, 5, 4, 2, 7, 5, 7, 1, 4, 6, 2, 2, 6, 7, 6, 2, 5, 4, 1, 5, 6, 3, 5, 6, 4, 6, 1, 2, 2, 2, 5, 7, 7, 7, 2, 1, 1, 6, 7, 7, 7, 2, 6, 4, 6, 1, 4, 3, 7, 3, 6, 6, 3, 4, 1, 1, 6, 7, 7, 6, 7, 4, 6, 7, 1, 3, 1, 6, 2, 4, 3, 1, 6, 4, 7, 1, 6, 3, 5, 6, 5, 2, 5, 1, 1, 7, 5, 1, 3, 7, 2, 5, 1, 7, 1, 4, 5, 7, 5, 7, 5, 6, 7, 6, 4, 2, 4, 4, 5, 7, 3, 6, 7, 4, 1, 2, 3, 5, 6, 4, 4, 6, 2, 2, 4, 7, 3, 6, 3, 7, 1, 4, 3, 7, 3, 3, 2, 6, 6, 5, 7, 3, 1, 2, 7, 1, 7, 1, 6, 1, 4, 6, 5, 6, 1, 7, 7, 4, 6, 6, 1, 7, 1, 7, 2, 7, 2, 4, 5, 6, 5, 7, 3, 4, 5, 7, 1, 7, 6, 6, 3, 6, 6, 7, 4, 4, 2, 6, 7, 3, 5, 7, 4, 4, 1, 3, 5, 4, 1, 7, 6, 5, 4, 4, 7, 4, 5, 7, 2, 4, 7, 6, 6, 1, 7, 7, 2, 5, 7, 4, 7, 1, 6, 6, 7, 2, 3, 4, 1, 7, 4, 7, 7, 7, 6, 7, 5, 7, 7, 7, 7, 6, 4, 5, 6, 7, 2, 3, 7, 7, 7, 7, 7, 7, 7, 7, 5, 1, 5, 7, 6, 7, 7, 7, 7, 7, 7, 4, 6, 6, 3, 5, 7, 4, 3, 1, 7, 7, 4, 7, 7, 1, 5, 7, 6, 7, 6, 4, 6, 1, 7, 7, 6, 7, 2, 4, 7, 6, 6, 4, 3, 2, 7, 6, 7, 7, 6, 6, 3, 3, 2, 6, 6, 6, 7, 6, 7, 7, 7, 2, 6, 4, 6, 7, 6, 1, 7, 5, 3, 3, 6, 6, 1, 2, 1, 6, 7, 6, 7, 7, 7, 3, 5, 5, 1, 4, 6, 7, 7, 6, 7, 3, 1, 3, 7, 2, 2, 1, 6, 5, 7, 6, 2, 6, 4, 2, 7, 4, 4, 4, 6, 4, 3, 4, 5, 7, 2, 4, 4, 4, 3, 2, 4, 4, 2, 3, 3, 1, 1, 7, 6, 1, 7, 4, 6, 7, 3, 3, 7, 6, 2, 4, 5, 7, 7, 6, 1, 6, 7, 2, 3, 7, 4, 7, 7, 1, 7, 6, 5, 3, 1, 4, 7, 1, 1, 1, 4, 3, 7, 2, 7, 5, 6, 4, 7, 7, 2, 1, 3, 2, 7, 4, 5, 4, 2, 5, 7, 3, 7, 5, 1, 1, 5, 5, 5, 6, 2, 6, 7, 7, 2, 5, 4, 5, 1, 7, 3, 3, 2, 3, 2, 7, 6, 1, 6, 5, 6, 7, 3, 7, 6, 1, 1, 1, 7, 1, 7, 3, 1, 1, 6, 6, 5, 3, 5, 4, 7, 3, 2, 2, 6, 1, 7, 7, 1, 5, 2, 4, 2, 7, 7, 2, 6, 1, 6, 4, 6, 1, 4, 2, 5, 4, 6, 6, 6, 1, 6, 3, 5, 5, 1, 1, 3, 7, 6, 7, 7, 3, 6, 2, 4, 6, 4, 6, 3, 1, 3, 7, 6, 2, 7, 2, 3, 7, 3, 4, 2, 7, 7, 5, 5, 2, 3, 4, 5, 6, 5, 1, 7, 3, 7, 5, 7, 1, 2, 7, 6, 7, 2, 7, 2, 3, 1, 3, 7, 6, 2, 2, 1, 7, 4, 5, 7, 4, 7, 7, 7, 6, 5, 7, 5, 7, 7, 1, 6, 6, 6, 3, 5, 2, 6, 1, 6, 7, 6, 7, 7, 3, 1, 7, 3, 2, 7, 6, 6, 7, 7, 6, 4, 3, 5, 7, 7, 7, 6, 6, 7, 6, 7, 6, 7, 3, 3, 6, 7, 7, 7, 7, 7, 6, 5, 3, 4, 4, 6, 6, 1, 7, 7, 7, 7, 6, 7, 4, 3, 6, 6, 7, 6, 1, 1, 1, 7, 7, 5, 7, 5, 5, 1, 6, 5, 6, 6, 6, 4, 5, 2, 3, 2, 7, 7, 3, 6, 1, 7, 1, 6, 6, 6, 2, 6, 2, 1, 6, 7, 6, 1, 2, 2, 3, 6, 7, 6, 7, 7, 2, 6, 7, 4, 7, 6, 1, 6, 7, 6, 5, 2, 7, 7, 6, 1, 1, 2, 2, 6, 6, 7, 2, 3, 7, 6, 7, 2, 6, 6, 5, 6, 7, 1, 7, 3, 6, 6, 3, 1, 3, 3, 1, 1, 7, 6, 7, 1, 7, 6, 4, 4, 1, 6, 7, 6, 7, 7, 7, 6, 6, 7, 1, 1, 3, 3, 1, 7, 7, 7, 1, 6, 6, 2, 4, 4, 2, 7, 5, 6, 6, 4, 7, 6, 7, 7, 7, 5, 2, 7, 7, 7, 1, 6, 3, 1, 3, 7, 7, 6, 6, 7, 6, 3, 1, 4, 5, 7, 6, 7, 3, 7, 6, 6, 6, 7, 6, 7, 5, 4, 7, 2, 6, 6, 7, 7, 5, 1, 4, 1, 4, 6, 7, 7, 7, 7, 6, 4, 1, 6, 1, 7, 7, 1, 7, 7, 6, 4, 3, 6, 1, 7, 4, 7, 6, 6, 1, 2, 7, 1, 6, 4, 3, 6, 6]
20, 3, [4402.63333333333, 34531.6403229445, 42293.4840852999, 32.2254338149876], [6, 3, 5, 2, 6, 7, 7, 7, 4, 1, 4, 7, 2, 1, 6, 5, 4, 2, 5, 2, 7, 4, 5, 2, 3, 3, 2, 3, 7, 1, 2, 2, 3, 1, 3, 6, 1, 6, 4, 3, 6, 7, 7, 2, 7, 5, 2, 6, 6, 2, 1, 5, 2, 4, 1, 2, 7, 3, 3, 1, 3, 7, 1, 7, 2, 6, 6, 5, 5, 3, 4, 1, 1, 2, 2, 4, 6, 4, 3, 4, 1, 1, 7, 3, 5, 6, 4, 6, 7, 2, 6, 3, 7, 7, 1, 4, 5, 6, 1, 3, 5, 7, 3, 4, 3, 7, 4, 2, 6, 3, 7, 7, 5, 2, 2, 5, 2, 7, 6, 5, 7, 3, 2, 4, 7, 3, 6, 7, 7, 1, 5, 3, 7, 4, 3, 4, 1, 6, 7, 7, 7, 7, 6, 6, 7, 4, 5, 4, 1, 7, 3, 7, 5, 7, 4, 5, 1, 5, 7, 5, 4, 4, 3, 3, 1, 7, 7, 3, 2, 1, 5, 1, 5, 7, 7, 7, 5, 4, 7, 7, 4, 5, 3, 7, 5, 4, 2, 7, 4, 5, 7, 5, 4, 7, 1, 3, 7, 2, 5, 7, 7, 7, 6, 3, 4, 7, 2, 6, 6, 7, 7, 2, 5, 2, 1, 4, 7, 6, 7, 7, 7, 3, 3, 1, 6, 1, 7, 7, 6, 1, 2, 6, 3, 2, 6, 3, 2, 7, 6, 7, 2, 6, 6, 6, 5, 4, 3, 2, 7, 2, 6, 1, 2, 5, 3, 5, 7, 6, 6, 5, 1, 2, 1, 1, 4, 5, 2, 7, 7, 5, 1, 2, 6, 5, 5, 5, 7, 7, 6, 6, 2, 7, 6, 5, 3, 7, 6, 2, 6, 1, 7, 5, 2, 7, 1, 2, 5, 6, 2, 5, 5, 7, 6, 6, 4, 2, 5, 2, 5, 2, 3, 2, 7, 7, 5, 1, 2, 3, 4, 4, 5, 5, 7, 6, 1, 7, 3, 4, 7, 5, 2, 1, 1, 3, 5, 7, 2, 4, 2, 6, 4, 4, 1, 7, 4, 7, 7, 3, 7, 6, 6, 4, 6, 3, 7, 4, 2, 3, 2, 6, 3, 2, 4, 5, 4, 2, 7, 5, 7, 1, 4, 6, 2, 2, 6, 7, 6, 2, 5, 4, 1, 5, 6, 3, 5, 6, 4, 6, 1, 2, 2, 2, 5, 7, 7, 7, 2, 1, 1, 6, 7, 7, 7, 2, 6, 4, 6, 1, 4, 3, 7, 3, 6, 6, 3, 4, 5, 1, 6, 7, 7, 6, 7, 4, 6, 7, 1, 3, 1, 6, 2, 4, 3, 1, 6, 4, 7, 1, 6, 3, 5, 6, 5, 2, 5, 1, 1, 7, 5, 1, 3, 7, 2, 5, 1, 7, 1, 4, 5, 7, 5, 7, 5, 6, 7, 6, 4, 2, 4, 4, 5, 7, 3, 6, 7, 4, 1, 2, 3, 5, 6, 4, 4, 6, 2, 2, 4, 7, 3, 6, 3, 7, 1, 4, 3, 7, 3, 3, 2, 6, 6, 5, 7, 3, 1, 2, 7, 1, 7, 1, 6, 1, 4, 6, 5, 6, 1, 7, 7, 4, 6, 6, 1, 7, 1, 7, 2, 7, 2, 4, 5, 6, 5, 7, 3, 4, 5, 7, 1, 7, 6, 6, 3, 6, 6, 7, 4, 4, 2, 6, 7, 3, 5, 7, 4, 4, 1, 3, 5, 4, 1, 7, 6, 5, 4, 4, 7, 4, 5, 7, 2, 4, 7, 6, 6, 1, 7, 7, 2, 5, 7, 4, 7, 1, 6, 6, 7, 2, 3, 4, 1, 7, 4, 7, 7, 7, 6, 7, 5, 7, 7, 7, 7, 6, 4, 5, 6, 7, 2, 3, 7, 7, 7, 7, 7, 7, 7, 7, 5, 1, 5, 7, 6, 7, 7, 7, 7, 7, 7, 4, 6, 6, 3, 5, 7, 4, 3, 1, 7, 7, 4, 7, 7, 1, 5, 7, 6, 7, 6, 4, 6, 1, 7, 7, 6, 7, 2, 4, 7, 6, 6, 4, 3, 2, 7, 6, 7, 7, 6, 6, 5, 3, 2, 6, 6, 6, 7, 6, 7, 7, 7, 2, 6, 4, 6, 7, 6, 1, 7, 5, 3, 3, 6, 6, 1, 2, 1, 6, 7, 6, 7, 7, 7, 3, 5, 5, 1, 4, 6, 7, 7, 6, 7, 3, 1, 3, 7, 2, 2, 1, 6, 5, 7, 6, 2, 6, 4, 2, 7, 4, 4, 4, 6, 4, 3, 4, 5, 7, 2, 4, 4, 4, 3, 2, 4, 4, 2, 3, 3, 1, 1, 7, 6, 1, 7, 4, 6, 7, 3, 3, 7, 6, 2, 4, 5, 7, 7, 6, 1, 6, 7, 2, 3, 7, 4, 7, 7, 1, 7, 6, 5, 3, 1, 4, 7, 1, 1, 1, 4, 3, 7, 2, 7, 5, 6, 4, 7, 7, 2, 1, 6, 2, 7, 4, 5, 4, 2, 5, 7, 3, 7, 5, 1, 1, 5, 5, 5, 6, 2, 6, 7, 7, 2, 5, 4, 5, 1, 7, 3, 3, 2, 3, 2, 7, 6, 1, 6, 5, 6, 7, 3, 7, 6, 1, 1, 1, 7, 1, 7, 3, 1, 1, 6, 6, 5, 3, 5, 4, 7, 3, 2, 2, 6, 1, 7, 7, 1, 5, 2, 4, 2, 7, 7, 2, 6, 1, 6, 4, 6, 1, 4, 2, 5, 4, 6, 6, 6, 1, 6, 3, 5, 5, 1, 1, 3, 7, 6, 7, 7, 3, 6, 2, 4, 6, 4, 6, 3, 1, 3, 7, 6, 2, 7, 2, 3, 7, 3, 4, 2, 7, 7, 5, 5, 2, 3, 4, 5, 6, 5, 1, 7, 3, 7, 5, 7, 1, 2, 7, 6, 7, 2, 7, 2, 3, 1, 3, 7, 6, 2, 2, 1, 7, 4, 5, 7, 4, 7, 7, 7, 6, 5, 7, 5, 7, 7, 1, 6, 6, 6, 3, 5, 2, 6, 1, 6, 7, 6, 7, 7, 3, 1, 7, 3, 2, 7, 6, 6, 7, 7, 6, 4, 3, 5, 7, 7, 7, 6, 6, 7, 6, 7, 6, 7, 3, 3, 6, 7, 7, 7, 7, 7, 6, 5, 3, 4, 4, 6, 6, 1, 7, 7, 7, 7, 6, 7, 4, 3, 6, 6, 7, 6, 1, 1, 1, 7, 7, 5, 7, 5, 5, 1, 6, 5, 6, 6, 6, 4, 5, 2, 3, 2, 7, 7, 3, 6, 1, 7, 1, 6, 6, 5, 2, 6, 2, 1, 6, 7, 6, 1, 2, 2, 3, 6, 7, 6, 7, 7, 2, 6, 7, 4, 7, 6, 1, 6, 7, 6, 5, 2, 7, 7, 6, 1, 1, 2, 2, 6, 6, 7, 2, 3, 7, 6, 7, 2, 6, 6, 5, 6, 7, 1, 7, 3, 6, 6, 3, 1, 3, 3, 1, 1, 7, 6, 7, 1, 7, 6, 4, 4, 1, 6, 7, 6, 7, 7, 7, 6, 6, 7, 1, 1, 3, 3, 1, 7, 7, 7, 1, 6, 6, 2, 4, 4, 2, 7, 5, 6, 6, 4, 7, 6, 7, 7, 7, 5, 2, 7, 7, 7, 1, 6, 3, 1, 3, 7, 7, 6, 6, 7, 6, 3, 1, 4, 5, 7, 6, 7, 4, 7, 6, 6, 6, 7, 6, 7, 5, 4, 7, 2, 6, 6, 7, 7, 5, 1, 4, 1, 4, 6, 7, 7, 7, 7, 6, 4, 1, 6, 1, 7, 7, 1, 7, 7, 6, 4, 3, 6, 1, 7, 4, 7, 6, 6, 1, 2, 7, 1, 6, 4, 3, 6, 6]
20, 4, [4498.4, 33799.3755687981, 42374.5358019963, 32.033060925941], [6, 3, 5, 2, 6, 7, 7, 7, 4, 1, 4, 7, 2, 1, 6, 5, 4, 2, 5, 2, 7, 4, 5, 2, 3, 3, 2, 3, 7, 1, 2, 2, 3, 1, 3, 6, 1, 6, 4, 3, 6, 7, 7, 2, 7, 5, 2, 6, 6, 2, 1, 5, 2, 4, 1, 2, 7, 3, 1, 1, 3, 7, 1, 7, 2, 6, 6, 5, 5, 3, 4, 1, 1, 2, 2, 4, 6, 4, 3, 4, 1, 1, 7, 3, 5, 6, 4, 6, 7, 2, 6, 3, 7, 7, 1, 4, 6, 6, 1, 3, 5, 7, 3, 4, 3, 7, 4, 2, 6, 3, 7, 7, 5, 2, 2, 5, 2, 7, 6, 2, 7, 3, 2, 3, 7, 3, 6, 7, 7, 1, 5, 3, 7, 4, 3, 4, 1, 6, 7, 6, 3, 5, 6, 6, 6, 1, 5, 6, 5, 7, 7, 7, 4, 1, 5, 5, 1, 1, 7, 7, 1, 3, 1, 3, 2, 7, 7, 4, 4, 5, 4, 7, 3, 7, 6, 6, 6, 3, 5, 2, 5, 7, 3, 7, 7, 6, 7, 6, 3, 6, 6, 7, 6, 4, 3, 5, 5, 6, 7, 6, 7, 1, 3, 4, 4, 7, 1, 2, 6, 7, 7, 2, 5, 2, 1, 4, 7, 6, 7, 7, 3, 3, 3, 1, 6, 1, 7, 7, 6, 1, 2, 6, 1, 2, 6, 3, 2, 7, 6, 7, 2, 6, 6, 6, 5, 4, 3, 2, 7, 2, 6, 1, 2, 5, 6, 5, 7, 6, 6, 5, 1, 2, 1, 1, 4, 5, 2, 2, 7, 5, 1, 2, 6, 5, 5, 5, 7, 7, 6, 6, 2, 7, 6, 5, 3, 7, 6, 2, 6, 1, 7, 5, 2, 7, 1, 2, 5, 6, 2, 5, 5, 7, 6, 6, 4, 2, 5, 2, 5, 2, 3, 2, 7, 7, 5, 1, 2, 3, 4, 4, 5, 5, 7, 6, 1, 7, 3, 7, 7, 5, 1, 1, 1, 3, 5, 7, 2, 4, 2, 6, 4, 4, 1, 7, 4, 7, 7, 3, 7, 6, 6, 4, 6, 3, 7, 4, 2, 3, 2, 6, 3, 2, 4, 5, 4, 2, 7, 5, 7, 1, 4, 6, 2, 2, 6, 7, 6, 2, 5, 4, 1, 5, 7, 3, 5, 6, 4, 6, 1, 2, 2, 2, 5, 7, 7, 7, 2, 1, 1, 6, 7, 7, 7, 2, 6, 4, 6, 1, 4, 3, 7, 3, 6, 7, 3, 4, 1, 1, 6, 7, 7, 6, 7, 4, 6, 7, 1, 3, 1, 6, 2, 4, 3, 1, 6, 4, 7, 1, 6, 3, 5, 6, 5, 2, 5, 1, 1, 7, 5, 1, 3, 7, 2, 5, 1, 7, 1, 4, 5, 7, 5, 7, 5, 6, 7, 6, 4, 2, 4, 4, 5, 7, 3, 6, 7, 4, 1, 2, 3, 5, 6, 4, 4, 6, 2, 2, 4, 7, 3, 6, 3, 7, 1, 4, 3, 7, 3, 3, 2, 6, 6, 5, 7, 3, 1, 2, 7, 1, 7, 1, 6, 1, 4, 6, 5, 6, 1, 7, 7, 4, 6, 6, 1, 7, 1, 7, 2, 7, 2, 4, 5, 6, 5, 4, 3, 4, 5, 7, 1, 7, 6, 6, 3, 6, 6, 7, 4, 4, 2, 6, 7, 3, 5, 7, 4, 4, 1, 3, 5, 4, 1, 6, 6, 5, 4, 4, 7, 4, 5, 7, 2, 4, 7, 6, 6, 1, 7, 7, 2, 5, 7, 4, 7, 1, 6, 6, 7, 2, 3, 4, 1, 7, 4, 7, 7, 7, 6, 7, 5, 7, 7, 7, 7, 6, 4, 5, 6, 7, 2, 3, 7, 7, 7, 7, 7, 7, 7, 7, 5, 1, 5, 7, 6, 7, 7, 7, 7, 7, 7, 4, 6, 6, 3, 5, 7, 4, 3, 1, 7, 7, 4, 7, 7, 1, 5, 7, 6, 7, 6, 4, 6, 1, 7, 7, 6, 7, 2, 4, 7, 6, 6, 4, 3, 2, 7, 6, 7, 7, 6, 6, 3, 3, 2, 6, 6, 6, 7, 6, 7, 7, 7, 2, 6, 4, 6, 7, 6, 1, 1, 5, 3, 3, 6, 6, 1, 2, 1, 6, 7, 6, 7, 7, 7, 3, 5, 5, 1, 4, 6, 7, 7, 6, 6, 3, 1, 3, 7, 2, 2, 1, 6, 5, 7, 6, 2, 6, 4, 2, 6, 4, 4, 4, 6, 4, 3, 4, 5, 7, 2, 4, 4, 4, 3, 2, 4, 4, 2, 3, 3, 1, 1, 7, 6, 1, 7, 4, 6, 7, 3, 3, 7, 6, 2, 4, 5, 7, 7, 6, 1, 6, 7, 2, 3, 7, 4, 7, 7, 1, 7, 6, 5, 3, 1, 4, 7, 1, 1, 1, 4, 3, 7, 2, 7, 5, 6, 4, 7, 7, 2, 1, 3, 2, 7, 4, 5, 4, 2, 5, 7, 3, 7, 5, 1, 1, 5, 5, 5, 6, 2, 6, 7, 7, 2, 5, 4, 5, 1, 7, 3, 3, 2, 3, 2, 7, 6, 1, 6, 5, 6, 7, 3, 7, 6, 1, 1, 1, 7, 1, 2, 3, 1, 1, 6, 6, 5, 3, 5, 4, 7, 3, 2, 2, 6, 1, 7, 7, 1, 5, 2, 4, 2, 7, 7, 2, 6, 1, 6, 4, 6, 1, 4, 2, 5, 4, 6, 6, 6, 1, 6, 3, 5, 5, 1, 1, 3, 7, 6, 7, 7, 3, 6, 2, 4, 6, 4, 6, 3, 1, 3, 7, 6, 2, 7, 2, 3, 7, 3, 4, 2, 7, 7, 5, 5, 2, 3, 4, 5, 6, 5, 7, 7, 3, 7, 5, 7, 1, 2, 7, 6, 7, 2, 7, 2, 3, 1, 3, 7, 6, 6, 2, 1, 7, 4, 5, 7, 4, 7, 7, 7, 6, 5, 7, 5, 7, 7, 1, 6, 6, 6, 3, 5, 2, 6, 1, 6, 7, 6, 7, 7, 3, 1, 7, 3, 2, 7, 6, 6, 7, 7, 6, 4, 3, 5, 7, 7, 7, 6, 6, 7, 6, 7, 6, 7, 3, 3, 6, 7, 7, 7, 7, 7, 6, 5, 3, 4, 4, 6, 6, 1, 7, 7, 7, 7, 6, 7, 4, 3, 6, 6, 7, 6, 1, 1, 1, 7, 7, 5, 7, 5, 5, 1, 6, 5, 6, 6, 6, 4, 5, 2, 3, 2, 7, 7, 3, 6, 1, 7, 1, 6, 6, 6, 7, 6, 2, 1, 6, 7, 6, 1, 2, 2, 3, 6, 7, 6, 7, 7, 2, 6, 7, 4, 7, 6, 1, 6, 7, 6, 7, 2, 7, 7, 6, 1, 7, 2, 2, 6, 6, 7, 2, 3, 7, 6, 7, 2, 6, 6, 5, 6, 6, 1, 7, 3, 6, 6, 3, 1, 3, 3, 1, 1, 7, 6, 7, 1, 7, 6, 4, 4, 1, 6, 7, 6, 7, 7, 7, 6, 6, 7, 1, 1, 3, 3, 1, 7, 7, 7, 1, 6, 6, 2, 4, 4, 2, 7, 5, 6, 6, 4, 7, 6, 7, 7, 7, 5, 2, 7, 7, 7, 1, 6, 3, 1, 3, 7, 7, 6, 6, 7, 6, 3, 1, 4, 5, 7, 6, 7, 3, 7, 6, 6, 6, 7, 6, 4, 5, 4, 7, 2, 6, 6, 7, 7, 5, 1, 4, 1, 4, 6, 7, 7, 7, 7, 6, 4, 1, 6, 1, 7, 7, 1, 7, 7, 6, 4, 3, 6, 1, 7, 4, 7, 6, 6, 1, 2, 7, 1, 6, 5, 3, 6, 6]
