individual,fitness values
[1, 2, 3, 4, 5, 6, 7, 3, 3, 3, 3, 3, 3, 3, 3, 3, 3, 3, 3, 3, 3, 3, 3, 3, 3, 3, 3, 3, 3, 3, 3, 3, 3, 3, 3, 3, 3, 3, 3, 3, 3, 3, 3, 3, 3, 3, 3, 3, 3, 3, 3, 3, 3, 3, 3, 3, 3, 3, 3, 3, 3, 3, 3, 3, 3, 3, 3, 3, 3, 3, 3, 3, 3, 3, 3, 3, 3, 3, 3, 3, 3, 3, 3, 3, 3, 3, 3, 3, 3, 3, 3, 3, 3, 3, 3, 3, 3, 3, 3, 3, 3, 3, 3, 3, 3, 3, 3, 3, 3, 3, 6, 3, 3, 3, 3, 3, 3, 6, 6, 3, 3, 3, 3, 3, 3, 3, 6, 7, 3, 3, 3, 3, 6, 3, 3, 3, 3, 6, 7, 6, 3, 3, 3, 6, 6, 3, 3, 3, 3, 7, 3, 7, 3, 3, 3, 3, 3, 3, 6, 3, 3, 3, 3, 3, 3, 7, 7, 3, 3, 3, 3, 3, 3, 7, 6, 3, 3, 3, 3, 3, 3, 3, 3, 7, 3, 3, 3, 3, 3, 3, 3, 3, 3, 3, 3, 3, 3, 3, 3, 6, 6, 3, 3, 3, 3, 3, 3, 3, 3, 7, 6, 3, 3, 3, 3, 3, 3, 3, 3, 7, 3, 3, 3, 3, 3, 3, 3, 3, 3, 3, 3, 3, 3, 3, 3, 3, 3, 3, 3, 7, 3, 3, 3, 3, 3, 3, 3, 3, 3, 3, 3, 3, 3, 3, 3, 3, 3, 3, 3, 3, 3, 3, 3, 3, 3, 3, 3, 3, 3, 3, 3, 3, 3, 3, 3, 3, 7, 3, 3, 3, 3, 3, 3, 3, 3, 6, 3, 3, 3, 3, 3, 3, 3, 3, 3, 3, 3, 3, 3, 3, 3, 3, 3, 6, 3, 3, 3, 3, 3, 3, 3, 3, 3, 6, 3, 3, 3, 3, 3, 3, 3, 3, 3, 6, 3, 3, 3, 3, 3, 3, 3, 3, 3, 3, 3, 7, 3, 3, 3, 3, 3, 3, 3, 3, 3, 3, 3, 3, 3, 3, 3, 3, 3, 3, 3, 3, 3, 3, 3, 3, 3, 3, 3, 3, 3, 3, 3, 3, 6, 3, 3, 3, 3, 3, 3, 3, 3, 3, 3, 3, 3, 3, 6, 3, 3, 3, 3, 3, 3, 3, 3, 3, 3, 3, 6, 3, 3, 3, 3, 3, 3, 3, 3, 3, 3, 3, 6, 3, 3, 3, 3, 3, 3, 3, 3, 3, 3, 3, 3, 7, 3, 3, 7, 3, 3, 3, 3, 3, 3, 3, 3, 3, 3, 3, 3, 3, 7, 3, 3, 3, 3, 3, 3, 3, 3, 3, 3, 3, 3, 3, 3, 3, 3, 3, 3, 3, 3, 3, 3, 3, 3, 3, 3, 3, 7, 3, 3, 3, 3, 3, 3, 3, 3, 3, 3, 3, 3, 3, 3, 3, 3, 3, 3, 3, 3, 3, 3, 3, 3, 3, 3, 3, 3, 3, 3, 7, 3, 3, 3, 3, 3, 3, 3, 3, 3, 3, 7, 3, 3, 3, 6, 3, 3, 3, 3, 3, 3, 7, 3, 3, 3, 6, 3, 3, 3, 3, 3, 3, 3, 3, 3, 6, 3, 3, 3, 3, 3, 3, 3, 6, 6, 3, 3, 3, 3, 3, 3, 3, 3, 3, 6, 3, 3, 6, 3, 3, 3, 3, 3, 3, 3, 6, 6, 3, 3, 3, 3, 3, 3, 3, 3, 3, 7, 6, 6, 3, 6, 3, 3, 3, 7, 3, 3, 3, 6, 6, 6, 3, 3, 3, 3, 7, 3, 7, 3, 6, 3, 3, 3, 6, 7, 7, 7, 6, 3, 3, 6, 6, 3, 3, 7, 7, 7, 7, 7, 7, 6, 6, 3, 3, 3, 3, 6, 7, 7, 3, 7, 7, 7, 3, 6, 6, 3, 3, 6, 3, 3, 3, 7, 3, 3, 7, 7, 3, 3, 6, 6, 6, 6, 3, 3, 3, 7, 7, 6, 7, 3, 3, 3, 6, 6, 3, 3, 3, 7, 3, 6, 3, 3, 3, 3, 3, 3, 6, 6, 6, 7, 3, 7, 7, 7, 3, 3, 3, 6, 6, 6, 3, 7, 3, 3, 3, 3, 3, 3, 3, 3, 6, 6, 6, 7, 3, 3, 3, 3, 3, 3, 3, 3, 6, 6, 6, 7, 3, 3, 3, 3, 3, 3, 3, 3, 3, 6, 6, 3, 3, 3, 3, 6, 3, 3, 3, 3, 3, 3, 3, 3, 3, 3, 3, 3, 3, 3, 3, 3, 3, 3, 3, 3, 3, 3, 3, 3, 3, 3, 3, 3, 7, 3, 3, 3, 3, 3, 3, 3, 7, 7, 3, 3, 3, 3, 3, 3, 3, 3, 7, 7, 3, 3, 6, 3, 3, 3, 3, 3, 3, 3, 3, 3, 3, 7, 3, 3, 3, 3, 3, 7, 7, 3, 3, 3, 3, 3, 3, 3, 3, 3, 3, 7, 3, 3, 3, 3, 3, 3, 3, 3, 3, 3, 3, 3, 3, 3, 3, 3, 3, 3, 3, 3, 3, 3, 3, 3, 3, 3, 3, 3, 3, 3, 3, 3, 6, 6, 3, 3, 3, 3, 3, 3, 3, 3, 3, 6, 6, 3, 3, 3, 3, 3, 3, 3, 3, 6, 3, 3, 3, 3, 3, 3, 3, 3, 3, 3, 3, 6, 3, 3, 3, 3, 3, 3, 3, 3, 3, 6, 6, 3, 3, 3, 3, 3, 3, 3, 3, 3, 6, 6, 3, 3, 3, 3, 3, 3, 3, 3, 6, 3, 3, 3, 3, 3, 3, 7, 3, 3, 6, 3, 3, 3, 3, 3, 3, 3, 3, 3, 3, 3, 3, 3, 3, 3, 3, 3, 3, 6, 3, 3, 3, 3, 3, 3, 3, 3, 3, 3, 3, 3, 6, 3, 3, 3, 7, 3, 3, 6, 3, 3, 3, 3, 3, 3, 3, 3, 6, 6, 3, 6, 6, 3, 3, 3, 3, 3, 3, 6, 6, 6, 6, 6, 3, 3, 3, 3, 3, 6, 6, 6, 6, 6, 6, 3, 3, 3, 3, 3, 6, 6, 6, 6, 6, 6, 6, 3, 3, 3, 6, 6, 7, 6, 6, 6, 6, 3, 3, 3, 3, 6, 6, 3, 6, 6, 6, 6, 6, 6, 3, 3, 6, 6, 6, 3, 3, 3, 3, 6, 6, 3, 3, 3, 3, 3, 6, 3, 3, 6, 6, 3, 3, 3, 3, 3, 6, 6, 3, 3, 3, 6, 3, 3, 3, 3, 3, 6, 3, 3, 3, 6, 3, 3, 3, 3, 3, 6, 6, 6, 3, 7, 3, 6, 6, 3, 3, 3, 3, 3, 6, 3, 3, 3, 6, 6, 6, 3, 3, 3, 3, 6, 6, 6, 3, 3, 6, 6, 6, 3, 3, 3, 3, 6, 6, 3, 3, 3, 6, 6, 3, 3, 3, 3, 3, 3, 6, 6, 3, 3, 6, 6, 3, 3, 3, 3, 3, 3, 6, 6, 7, 6, 6, 6, 3, 3, 3, 3, 3, 6, 6, 7, 3, 6, 6, 3, 3, 3, 3, 7, 3, 6, 6, 3, 6, 6, 6, 3, 7, 3, 3, 6, 6, 6, 3, 6, 3, 3, 3, 3, 3, 6, 6, 6, 6, 3, 3, 3, 3, 3, 3, 7, 3, 6, 6, 6, 6, 3, 3, 3, 3, 3, 3, 3, 6, 6, 6, 6, 3, 3, 3, 3, 3, 3, 7, 3, 6, 6, 6, 3, 3, 3, 3, 3, 7, 3, 7, 6, 6, 3, 3, 3, 3, 3, 3, 7, 6, 3, 3, 3, 7, 3, 3, 3, 3, 3, 3],[853.166667,54786.256446,43736.484608,24.087819]
[6, 4, 5, 2, 3, 7, 7, 5, 1, 1, 2, 1, 3, 5, 6, 1, 4, 4, 3, 6, 6, 6, 6, 7, 5, 1, 7, 3, 7, 2, 4, 5, 3, 3, 7, 3, 6, 3, 6, 7, 2, 3, 2, 2, 4, 5, 3, 1, 4, 4, 2, 2, 1, 5, 7, 4, 5, 7, 6, 5, 5, 2, 4, 1, 2, 1, 2, 2, 6, 1, 6, 2, 1, 6, 3, 1, 6, 4, 3, 5, 4, 5, 1, 1, 3, 2, 3, 1, 3, 3, 1, 6, 2, 2, 3, 1, 4, 7, 1, 4, 2, 2, 6, 7, 3, 3, 1, 3, 7, 7, 6, 3, 6, 4, 6, 1, 1, 6, 7, 2, 5, 7, 6, 7, 4, 1, 7, 7, 6, 4, 5, 5, 6, 2, 2, 4, 1, 6, 7, 7, 1, 6, 1, 7, 7, 6, 6, 6, 1, 7, 5, 7, 7, 1, 5, 6, 4, 3, 7, 5, 2, 6, 4, 2, 5, 7, 7, 1, 7, 6, 5, 3, 4, 7, 7, 7, 4, 1, 2, 7, 3, 5, 5, 7, 5, 2, 5, 5, 5, 2, 7, 6, 6, 6, 3, 7, 6, 1, 7, 7, 6, 5, 3, 4, 3, 6, 1, 5, 3, 7, 6, 2, 3, 1, 3, 3, 7, 3, 1, 7, 6, 3, 4, 1, 7, 3, 2, 3, 1, 6, 7, 2, 6, 7, 1, 3, 7, 6, 2, 7, 2, 6, 7, 7, 7, 5, 7, 1, 5, 1, 3, 5, 4, 3, 3, 3, 2, 2, 5, 2, 3, 1, 3, 2, 6, 3, 4, 1, 2, 2, 4, 2, 4, 6, 6, 4, 7, 4, 6, 7, 5, 6, 7, 1, 4, 6, 5, 6, 2, 5, 7, 1, 2, 5, 6, 7, 5, 1, 2, 7, 5, 3, 4, 6, 3, 3, 5, 5, 3, 3, 5, 4, 7, 7, 1, 7, 2, 1, 4, 1, 1, 4, 3, 6, 7, 5, 6, 1, 4, 7, 4, 6, 5, 4, 6, 7, 1, 3, 6, 5, 5, 7, 7, 5, 1, 2, 7, 5, 2, 5, 1, 1, 4, 3, 1, 7, 2, 4, 4, 6, 2, 2, 1, 6, 4, 2, 2, 3, 6, 3, 2, 7, 1, 2, 6, 7, 7, 1, 3, 2, 5, 1, 6, 6, 4, 4, 5, 1, 3, 1, 3, 3, 5, 7, 6, 1, 7, 7, 6, 3, 3, 4, 7, 3, 7, 6, 7, 2, 2, 4, 2, 1, 7, 6, 1, 2, 6, 3, 6, 7, 2, 6, 7, 5, 1, 3, 1, 4, 3, 5, 7, 5, 7, 2, 1, 7, 7, 4, 1, 6, 6, 1, 4, 7, 5, 7, 2, 3, 7, 5, 6, 7, 7, 2, 3, 1, 5, 4, 3, 2, 2, 3, 4, 1, 7, 3, 5, 6, 7, 6, 1, 6, 7, 2, 7, 7, 5, 1, 7, 2, 3, 4, 6, 1, 4, 5, 5, 4, 4, 1, 7, 5, 1, 4, 2, 7, 5, 4, 3, 2, 7, 1, 7, 3, 4, 1, 7, 1, 5, 1, 7, 3, 6, 2, 2, 2, 1, 7, 6, 6, 7, 6, 7, 2, 4, 1, 3, 7, 5, 3, 4, 6, 5, 1, 5, 5, 3, 4, 1, 6, 6, 5, 2, 2, 7, 4, 3, 7, 3, 2, 6, 3, 3, 6, 1, 1, 5, 1, 7, 6, 6, 6, 7, 6, 7, 5, 1, 5, 6, 3, 4, 6, 7, 7, 6, 3, 7, 2, 7, 4, 7, 2, 1, 3, 7, 6, 6, 2, 4, 1, 5, 7, 2, 7, 2, 6, 4, 7, 5, 6, 7, 7, 7, 7, 3, 6, 6, 7, 3, 1, 7, 7, 7, 7, 7, 7, 6, 6, 2, 6, 6, 1, 7, 7, 7, 2, 7, 7, 7, 1, 6, 7, 6, 4, 7, 5, 4, 7, 7, 5, 1, 7, 7, 1, 2, 7, 7, 7, 7, 5, 3, 7, 7, 7, 7, 7, 6, 2, 7, 7, 6, 3, 1, 7, 7, 2, 7, 5, 6, 3, 5, 2, 6, 7, 6, 6, 7, 5, 7, 7, 7, 1, 2, 5, 6, 7, 6, 3, 7, 1, 5, 4, 7, 2, 7, 4, 7, 7, 6, 7, 7, 4, 5, 7, 5, 3, 3, 4, 3, 6, 6, 7, 7, 7, 2, 1, 3, 1, 2, 6, 2, 2, 6, 7, 3, 1, 1, 3, 6, 7, 1, 5, 6, 5, 3, 4, 2, 7, 2, 5, 3, 4, 3, 4, 1, 2, 7, 7, 1, 6, 4, 3, 3, 6, 2, 7, 3, 7, 1, 4, 3, 6, 2, 7, 6, 7, 7, 7, 7, 5, 3, 4, 5, 5, 5, 7, 7, 2, 6, 7, 3, 5, 3, 4, 1, 2, 1, 2, 4, 3, 7, 5, 1, 4, 4, 4, 7, 7, 3, 2, 7, 2, 2, 4, 7, 4, 2, 6, 7, 3, 2, 7, 4, 2, 5, 6, 7, 4, 7, 7, 7, 3, 7, 4, 4, 4, 5, 6, 6, 5, 4, 5, 1, 7, 1, 4, 5, 6, 6, 2, 6, 7, 7, 4, 5, 6, 2, 7, 3, 4, 1, 6, 6, 6, 1, 7, 4, 2, 3, 3, 3, 7, 6, 2, 3, 5, 4, 4, 1, 4, 2, 5, 1, 6, 7, 1, 1, 7, 5, 4, 7, 4, 6, 5, 7, 6, 4, 2, 2, 5, 1, 6, 6, 2, 6, 6, 6, 1, 2, 2, 1, 5, 7, 2, 5, 7, 1, 7, 4, 5, 3, 4, 7, 2, 4, 6, 4, 1, 4, 1, 2, 1, 5, 4, 4, 6, 2, 7, 3, 7, 3, 5, 7, 4, 6, 1, 3, 4, 6, 5, 1, 7, 2, 6, 1, 4, 7, 6, 1, 6, 7, 7, 1, 6, 6, 6, 6, 6, 3, 6, 7, 3, 5, 7, 6, 7, 6, 6, 5, 7, 1, 5, 4, 3, 6, 7, 6, 7, 6, 7, 7, 6, 4, 2, 6, 6, 6, 6, 7, 6, 7, 3, 5, 7, 5, 7, 6, 6, 7, 6, 6, 7, 7, 1, 2, 7, 6, 7, 6, 7, 7, 6, 4, 6, 3, 5, 7, 7, 7, 6, 7, 6, 7, 6, 6, 1, 3, 6, 6, 6, 2, 4, 2, 3, 7, 6, 6, 3, 1, 1, 2, 7, 7, 5, 6, 6, 3, 7, 4, 3, 3, 6, 6, 6, 1, 5, 7, 5, 2, 3, 6, 1, 7, 1, 1, 7, 6, 4, 3, 5, 7, 3, 6, 7, 7, 5, 7, 4, 6, 7, 2, 6, 2, 2, 2, 6, 2, 1, 6, 6, 6, 7, 6, 7, 6, 7, 6, 7, 6, 2, 6, 6, 6, 6, 3, 3, 2, 1, 6, 7, 1, 6, 6, 7, 7, 6, 1, 5, 3, 1, 5, 7, 7, 7, 7, 6, 7, 3, 7, 1, 4, 2, 6, 6, 7, 7, 7, 7, 6, 6, 6, 2, 7, 7, 7, 6, 7, 7, 6, 6, 2, 5, 2, 2, 7, 5, 6, 7, 4, 6, 6, 7, 3, 7, 4, 4, 6, 6, 6, 1, 7, 4, 3, 3, 1, 1, 6, 7, 7, 6, 4, 2, 6, 4, 3, 2, 7, 6, 6, 6, 7, 6, 6, 4, 7, 3, 6, 1, 7, 7, 6, 6, 6, 4, 2, 1, 1, 2, 4, 7, 5, 7, 6, 7, 3, 1, 5, 2, 1, 7, 3, 7, 6, 7, 2, 4, 2, 6, 4, 6, 7, 6, 5, 4, 5, 7, 5, 6, 7, 5, 4, 5],[4265.316667,35523.297765,42481.685481,31.617595]
[1, 3, 5, 2, 6, 7, 7, 7, 4, 1, 4, 7, 2, 1, 6, 5, 4, 2, 5, 2, 7, 4, 5, 2, 3, 3, 2, 3, 7, 1, 2, 2, 3, 1, 3, 6, 1, 6, 4, 3, 6, 7, 5, 2, 7, 5, 2, 6, 6, 2, 1, 5, 2, 4, 1, 2, 7, 3, 3, 1, 3, 7, 1, 7, 2, 6, 6, 5, 5, 3, 4, 1, 1, 2, 2, 4, 6, 4, 3, 4, 1, 1, 7, 7, 5, 6, 4, 6, 7, 2, 6, 3, 7, 7, 1, 4, 5, 6, 1, 3, 5, 7, 3, 1, 3, 7, 4, 2, 6, 3, 7, 7, 5, 2, 2, 5, 2, 7, 6, 5, 7, 3, 2, 4, 7, 3, 6, 7, 7, 3, 5, 3, 7, 4, 3, 4, 1, 6, 7, 7, 7, 7, 6, 6, 7, 4, 5, 4, 1, 7, 3, 7, 5, 7, 4, 5, 1, 3, 7, 5, 4, 4, 3, 3, 1, 7, 7, 3, 2, 1, 5, 1, 7, 7, 7, 7, 5, 4, 7, 7, 4, 5, 3, 7, 5, 4, 2, 7, 4, 5, 7, 5, 4, 7, 1, 3, 7, 2, 5, 7, 7, 7, 6, 3, 4, 7, 2, 6, 6, 7, 7, 2, 5, 2, 1, 4, 7, 6, 7, 7, 3, 3, 3, 1, 6, 1, 7, 7, 6, 1, 2, 6, 3, 2, 6, 3, 2, 7, 6, 7, 2, 6, 6, 6, 5, 4, 3, 2, 7, 2, 6, 1, 2, 3, 6, 5, 7, 6, 6, 5, 1, 2, 1, 1, 4, 5, 2, 2, 7, 5, 1, 2, 6, 5, 5, 5, 7, 7, 6, 6, 2, 7, 6, 5, 3, 7, 6, 2, 6, 1, 7, 5, 2, 7, 1, 2, 5, 6, 2, 5, 5, 7, 6, 6, 4, 2, 5, 2, 5, 2, 3, 2, 7, 7, 5, 1, 2, 3, 4, 4, 5, 5, 7, 6, 1, 7, 3, 7, 7, 5, 6, 1, 1, 3, 5, 7, 2, 4, 2, 6, 4, 4, 1, 7, 4, 7, 7, 3, 7, 6, 6, 4, 6, 3, 7, 4, 2, 3, 2, 6, 3, 2, 4, 5, 4, 2, 7, 5, 7, 1, 4, 6, 2, 2, 6, 7, 6, 2, 5, 4, 1, 5, 7, 3, 5, 4, 4, 6, 1, 2, 2, 2, 5, 7, 7, 7, 2, 1, 1, 6, 7, 7, 7, 2, 6, 4, 6, 1, 4, 3, 7, 3, 6, 6, 3, 4, 1, 1, 6, 7, 7, 6, 7, 4, 6, 7, 1, 3, 1, 6, 2, 4, 3, 1, 6, 4, 7, 1, 6, 3, 5, 6, 5, 2, 5, 1, 1, 7, 5, 1, 3, 7, 2, 5, 1, 7, 1, 4, 5, 7, 5, 7, 5, 6, 7, 6, 4, 2, 4, 4, 5, 7, 3, 6, 7, 4, 1, 2, 3, 5, 6, 4, 4, 6, 2, 2, 4, 7, 3, 6, 3, 7, 1, 4, 3, 7, 3, 3, 2, 6, 6, 5, 7, 3, 1, 2, 7, 1, 7, 1, 6, 1, 4, 6, 5, 6, 1, 7, 7, 4, 6, 6, 1, 7, 1, 7, 2, 7, 2, 4, 5, 6, 5, 7, 3, 4, 5, 7, 1, 7, 6, 6, 3, 6, 6, 7, 4, 4, 2, 6, 7, 3, 5, 7, 4, 4, 1, 3, 5, 4, 1, 7, 6, 5, 4, 4, 7, 4, 5, 7, 2, 4, 7, 6, 6, 1, 7, 7, 2, 5, 7, 4, 7, 1, 6, 6, 7, 2, 3, 4, 1, 7, 4, 7, 7, 7, 6, 7, 5, 7, 7, 7, 7, 6, 4, 5, 6, 7, 2, 3, 7, 7, 7, 7, 7, 7, 7, 7, 5, 1, 4, 7, 6, 7, 7, 7, 7, 7, 7, 4, 6, 6, 3, 5, 7, 4, 3, 1, 7, 7, 4, 7, 7, 1, 5, 7, 6, 7, 6, 4, 6, 1, 7, 7, 6, 7, 2, 4, 7, 6, 6, 4, 3, 2, 7, 6, 7, 2, 6, 6, 3, 3, 2, 6, 6, 6, 7, 6, 7, 7, 7, 2, 6, 4, 6, 7, 6, 1, 7, 5, 3, 3, 6, 6, 1, 2, 1, 6, 7, 6, 7, 3, 7, 3, 5, 5, 1, 4, 6, 7, 7, 6, 7, 3, 1, 3, 7, 2, 2, 1, 3, 5, 7, 6, 2, 6, 4, 2, 7, 4, 4, 4, 6, 4, 3, 4, 5, 7, 3, 4, 4, 4, 3, 2, 4, 4, 2, 3, 3, 1, 1, 7, 6, 1, 7, 4, 6, 7, 3, 3, 7, 6, 2, 4, 5, 7, 7, 6, 1, 6, 7, 2, 3, 7, 4, 7, 7, 1, 7, 6, 5, 3, 1, 4, 7, 1, 1, 1, 4, 3, 7, 2, 7, 5, 6, 4, 7, 7, 2, 1, 3, 2, 2, 4, 5, 4, 2, 5, 7, 3, 7, 5, 1, 1, 5, 5, 5, 6, 2, 6, 7, 7, 2, 5, 4, 5, 1, 7, 3, 3, 2, 3, 2, 7, 6, 1, 6, 5, 6, 7, 3, 7, 6, 1, 1, 1, 7, 1, 7, 3, 1, 1, 6, 6, 5, 3, 5, 4, 7, 3, 2, 2, 6, 1, 7, 7, 1, 5, 2, 4, 2, 7, 7, 2, 6, 1, 6, 4, 6, 1, 4, 2, 5, 4, 6, 6, 6, 1, 6, 3, 5, 5, 1, 1, 3, 7, 6, 7, 7, 3, 6, 2, 4, 6, 4, 6, 3, 1, 3, 7, 6, 2, 7, 2, 3, 7, 3, 4, 2, 7, 7, 5, 5, 2, 1, 4, 5, 6, 5, 1, 7, 3, 7, 5, 6, 1, 2, 7, 6, 7, 2, 7, 3, 3, 1, 3, 7, 6, 2, 2, 1, 7, 4, 5, 7, 4, 7, 7, 7, 6, 5, 7, 5, 7, 7, 1, 6, 6, 6, 3, 5, 2, 6, 1, 6, 7, 6, 7, 7, 3, 1, 7, 3, 2, 7, 6, 6, 7, 7, 6, 4, 3, 5, 7, 7, 7, 6, 6, 7, 6, 7, 6, 7, 3, 3, 6, 7, 7, 7, 7, 7, 6, 5, 3, 4, 4, 6, 6, 1, 7, 7, 7, 7, 6, 7, 4, 3, 6, 6, 7, 6, 1, 1, 1, 7, 7, 5, 7, 4, 5, 1, 6, 5, 6, 6, 6, 4, 5, 2, 3, 2, 7, 7, 3, 6, 1, 7, 1, 6, 6, 6, 4, 6, 2, 1, 6, 7, 6, 1, 2, 2, 3, 6, 7, 6, 7, 7, 2, 6, 7, 4, 7, 6, 1, 6, 7, 6, 7, 2, 7, 7, 6, 1, 7, 2, 2, 6, 6, 7, 2, 3, 7, 6, 7, 2, 6, 6, 5, 6, 6, 1, 7, 3, 6, 6, 3, 1, 3, 3, 1, 5, 6, 6, 7, 1, 7, 6, 4, 4, 1, 6, 7, 1, 7, 7, 7, 6, 6, 7, 1, 1, 3, 3, 1, 7, 7, 7, 1, 6, 6, 2, 4, 4, 2, 7, 5, 6, 6, 4, 7, 6, 7, 7, 7, 5, 2, 7, 7, 7, 1, 6, 3, 1, 3, 7, 7, 6, 6, 7, 6, 3, 1, 4, 5, 7, 6, 7, 3, 7, 6, 6, 6, 7, 6, 7, 5, 4, 7, 2, 6, 6, 7, 7, 5, 1, 4, 1, 4, 6, 7, 7, 7, 6, 6, 4, 1, 6, 1, 7, 7, 1, 7, 7, 6, 4, 3, 6, 1, 5, 4, 7, 6, 6, 1, 2, 7, 1, 6, 4, 3, 6, 6],[4345.900000,34583.392647,42335.955230,32.126304]
[2, 4, 1, 1, 2, 7, 7, 3, 1, 2, 7, 4, 3, 2, 3, 3, 1, 3, 7, 2, 3, 2, 1, 6, 3, 1, 4, 6, 2, 3, 2, 5, 2, 2, 6, 1, 5, 6, 2, 6, 2, 1, 2, 5, 1, 2, 5, 1, 1, 4, 3, 3, 1, 4, 4, 5, 6, 4, 2, 3, 4, 3, 6, 2, 5, 5, 6, 3, 3, 7, 2, 4, 3, 7, 7, 4, 6, 7, 2, 7, 7, 2, 6, 6, 6, 5, 7, 3, 4, 6, 5, 6, 1, 7, 4, 5, 4, 3, 7, 1, 7, 4, 2, 5, 7, 5, 5, 6, 7, 6, 6, 2, 3, 1, 4, 1, 3, 7, 6, 3, 2, 6, 5, 3, 2, 7, 7, 7, 4, 5, 1, 4, 7, 4, 5, 4, 2, 6, 7, 7, 4, 6, 6, 7, 6, 6, 1, 4, 6, 7, 6, 7, 3, 3, 6, 5, 3, 5, 7, 1, 1, 2, 7, 7, 4, 7, 7, 5, 4, 7, 2, 6, 5, 7, 6, 3, 1, 5, 3, 3, 6, 7, 7, 7, 6, 7, 1, 1, 6, 4, 5, 3, 6, 5, 1, 6, 7, 3, 6, 6, 6, 3, 6, 1, 5, 4, 3, 2, 7, 7, 7, 3, 4, 6, 3, 4, 4, 4, 5, 7, 4, 4, 5, 4, 3, 7, 5, 6, 5, 5, 1, 3, 1, 5, 3, 2, 5, 6, 2, 7, 5, 5, 6, 4, 5, 7, 5, 7, 3, 7, 4, 6, 1, 2, 5, 3, 4, 2, 7, 2, 1, 2, 1, 6, 3, 5, 4, 2, 3, 2, 5, 1, 3, 7, 6, 1, 7, 1, 5, 6, 7, 7, 5, 7, 2, 6, 7, 3, 5, 3, 6, 3, 2, 6, 1, 4, 1, 6, 3, 6, 2, 7, 4, 6, 2, 4, 6, 1, 1, 1, 7, 2, 5, 6, 2, 2, 4, 1, 1, 1, 7, 2, 4, 6, 5, 7, 3, 6, 4, 2, 3, 2, 7, 4, 1, 7, 2, 3, 3, 3, 3, 4, 3, 1, 6, 3, 1, 4, 4, 3, 2, 2, 4, 7, 1, 4, 3, 5, 3, 7, 5, 3, 3, 4, 5, 6, 6, 4, 7, 3, 3, 6, 3, 2, 1, 5, 7, 2, 4, 4, 7, 3, 7, 5, 2, 7, 6, 1, 4, 5, 6, 5, 6, 4, 6, 1, 3, 5, 1, 6, 3, 3, 5, 3, 5, 7, 6, 7, 2, 6, 4, 4, 4, 2, 5, 2, 1, 2, 1, 7, 3, 6, 7, 7, 3, 6, 3, 3, 3, 6, 4, 1, 7, 6, 2, 7, 7, 4, 4, 2, 7, 1, 1, 7, 2, 3, 4, 4, 2, 4, 3, 2, 4, 3, 5, 5, 7, 4, 7, 7, 3, 1, 6, 4, 7, 6, 3, 4, 4, 3, 1, 3, 4, 4, 4, 3, 6, 2, 5, 3, 1, 7, 2, 2, 7, 4, 4, 6, 3, 4, 6, 6, 3, 1, 6, 7, 1, 4, 3, 3, 6, 1, 3, 3, 3, 2, 7, 7, 7, 1, 6, 4, 3, 2, 2, 6, 3, 7, 6, 3, 7, 7, 5, 6, 2, 7, 6, 3, 2, 2, 6, 6, 1, 2, 3, 2, 6, 5, 1, 7, 7, 6, 4, 5, 2, 4, 6, 1, 1, 6, 7, 5, 1, 7, 6, 1, 5, 7, 1, 5, 2, 6, 7, 6, 2, 4, 7, 6, 2, 2, 6, 1, 7, 7, 7, 2, 6, 7, 3, 3, 7, 1, 7, 6, 7, 7, 7, 4, 5, 1, 1, 7, 4, 7, 1, 6, 4, 2, 7, 6, 7, 7, 7, 7, 2, 5, 7, 6, 7, 1, 7, 7, 7, 7, 7, 7, 7, 6, 3, 3, 3, 4, 6, 7, 7, 1, 7, 7, 7, 6, 6, 7, 7, 5, 7, 5, 1, 3, 7, 6, 5, 7, 7, 5, 5, 7, 6, 6, 6, 6, 7, 3, 7, 7, 6, 7, 4, 1, 4, 6, 6, 7, 3, 2, 7, 1, 6, 3, 7, 6, 4, 6, 3, 6, 7, 6, 7, 5, 7, 7, 7, 7, 7, 6, 7, 7, 7, 4, 7, 2, 7, 6, 7, 2, 1, 5, 6, 6, 6, 6, 7, 6, 7, 3, 4, 1, 1, 2, 7, 6, 6, 6, 7, 5, 6, 7, 4, 7, 5, 7, 4, 3, 6, 6, 6, 4, 1, 3, 6, 5, 6, 1, 3, 6, 5, 1, 3, 5, 6, 5, 5, 7, 6, 4, 1, 4, 4, 2, 5, 1, 4, 6, 2, 5, 7, 3, 4, 7, 6, 3, 4, 3, 5, 4, 5, 7, 7, 4, 7, 3, 5, 4, 4, 7, 1, 7, 7, 5, 1, 6, 5, 4, 4, 2, 6, 1, 3, 3, 1, 1, 7, 3, 1, 5, 3, 7, 7, 7, 2, 1, 1, 4, 1, 3, 6, 7, 7, 4, 7, 4, 2, 1, 4, 5, 6, 3, 3, 7, 5, 7, 1, 1, 5, 7, 2, 6, 5, 2, 4, 6, 3, 1, 2, 4, 3, 6, 3, 4, 1, 1, 7, 6, 7, 1, 2, 5, 5, 1, 6, 4, 7, 6, 7, 6, 7, 6, 3, 2, 2, 6, 3, 3, 7, 6, 6, 1, 2, 7, 2, 4, 3, 2, 7, 5, 6, 4, 1, 3, 5, 1, 7, 2, 3, 7, 6, 7, 6, 7, 5, 6, 3, 6, 4, 4, 6, 6, 6, 1, 7, 2, 7, 5, 2, 5, 6, 6, 6, 6, 1, 5, 1, 6, 7, 6, 7, 6, 1, 4, 5, 1, 7, 2, 3, 2, 5, 5, 5, 3, 7, 2, 2, 6, 2, 7, 6, 5, 5, 1, 1, 6, 1, 4, 5, 6, 7, 5, 4, 6, 4, 7, 1, 7, 6, 7, 7, 4, 1, 7, 3, 3, 3, 7, 2, 7, 6, 6, 7, 6, 7, 5, 6, 4, 7, 3, 7, 7, 6, 7, 7, 7, 7, 7, 5, 2, 7, 6, 7, 7, 6, 7, 4, 5, 3, 4, 7, 7, 7, 6, 7, 6, 6, 7, 2, 5, 3, 6, 6, 7, 7, 7, 7, 6, 4, 4, 1, 5, 7, 7, 7, 6, 6, 6, 6, 7, 7, 1, 7, 7, 7, 6, 3, 6, 7, 4, 6, 7, 5, 4, 6, 2, 2, 7, 6, 3, 6, 6, 1, 3, 7, 6, 6, 7, 6, 7, 4, 4, 6, 5, 7, 3, 7, 7, 6, 7, 1, 1, 6, 5, 6, 6, 4, 4, 7, 6, 7, 2, 7, 7, 6, 7, 1, 6, 5, 1, 4, 6, 3, 3, 7, 6, 6, 7, 7, 6, 7, 4, 6, 6, 6, 4, 2, 6, 6, 7, 7, 3, 2, 5, 6, 6, 3, 1, 4, 7, 7, 1, 3, 6, 6, 5, 7, 7, 6, 1, 4, 6, 6, 1, 3, 6, 1, 1, 2, 6, 7, 7, 7, 6, 7, 1, 6, 1, 4, 3, 6, 7, 7, 4, 7, 7, 4, 7, 3, 1, 7, 3, 6, 6, 4, 6, 6, 6, 4, 7, 7, 3, 7, 7, 7, 4, 7, 7, 1, 4, 7, 2, 6, 7, 6, 6, 7, 6, 3, 5, 3, 6, 7, 2, 7, 6, 6, 6, 4, 7, 7, 6, 1, 7, 1, 6, 7, 6, 7, 7, 7, 1, 6, 3, 5, 7, 1, 6, 6, 6, 3, 7, 5, 5, 7, 7, 7, 7, 7, 7, 5, 1, 2, 6, 3, 2, 7, 6, 7, 4, 2, 7, 5, 6, 5, 5, 7, 1],[4201.183333,35422.293504,42389.907053,31.761990]
[3, 5, 3, 4, 5, 6, 7, 5, 1, 7, 5, 7, 3, 4, 7, 6, 2, 1, 1, 4, 3, 4, 1, 2, 1, 1, 6, 1, 7, 5, 1, 4, 5, 5, 7, 2, 1, 7, 7, 5, 3, 1, 6, 6, 1, 4, 7, 4, 2, 1, 3, 4, 7, 1, 7, 5, 4, 5, 3, 2, 6, 6, 2, 2, 6, 1, 5, 4, 2, 3, 3, 6, 4, 7, 4, 6, 3, 7, 6, 5, 1, 7, 4, 7, 2, 3, 5, 5, 7, 5, 7, 6, 6, 1, 2, 4, 2, 1, 5, 1, 5, 2, 7, 7, 4, 5, 1, 7, 7, 1, 7, 1, 7, 1, 3, 2, 6, 7, 7, 3, 2, 5, 5, 1, 6, 4, 6, 7, 6, 7, 2, 5, 7, 5, 3, 6, 3, 7, 7, 6, 3, 5, 6, 6, 6, 1, 5, 4, 5, 7, 7, 7, 4, 1, 5, 5, 1, 1, 7, 7, 1, 3, 1, 3, 2, 7, 7, 4, 4, 5, 4, 7, 3, 7, 6, 6, 6, 3, 5, 2, 5, 5, 3, 7, 7, 6, 7, 6, 3, 6, 6, 7, 6, 4, 3, 5, 5, 6, 7, 6, 7, 1, 3, 4, 4, 7, 1, 2, 4, 7, 7, 7, 5, 2, 2, 5, 1, 6, 1, 7, 2, 6, 7, 7, 7, 6, 7, 4, 1, 6, 5, 3, 3, 5, 7, 7, 7, 1, 3, 7, 1, 3, 6, 1, 6, 6, 3, 6, 5, 6, 7, 7, 7, 1, 2, 7, 4, 4, 4, 5, 7, 3, 4, 7, 3, 1, 4, 7, 3, 4, 2, 4, 5, 5, 1, 2, 7, 3, 4, 5, 5, 1, 7, 5, 6, 7, 2, 2, 6, 7, 1, 1, 7, 1, 7, 2, 5, 5, 4, 5, 4, 4, 3, 7, 6, 5, 3, 4, 2, 1, 1, 3, 4, 6, 3, 4, 6, 2, 6, 2, 4, 7, 2, 7, 2, 2, 3, 5, 5, 1, 4, 4, 6, 6, 7, 7, 6, 5, 1, 4, 1, 2, 6, 1, 2, 2, 7, 1, 7, 7, 5, 7, 3, 6, 6, 2, 3, 6, 2, 7, 3, 5, 7, 7, 2, 5, 2, 7, 7, 3, 5, 3, 4, 6, 4, 1, 1, 3, 4, 5, 2, 5, 7, 1, 3, 1, 6, 2, 3, 7, 5, 6, 4, 3, 6, 4, 2, 3, 4, 4, 1, 6, 2, 6, 4, 2, 7, 1, 3, 2, 2, 7, 3, 6, 6, 6, 4, 3, 7, 7, 7, 3, 7, 2, 7, 3, 7, 4, 1, 6, 6, 1, 6, 4, 5, 4, 7, 1, 6, 2, 5, 6, 3, 6, 3, 4, 7, 5, 4, 1, 6, 7, 2, 7, 6, 6, 4, 4, 4, 5, 6, 5, 7, 4, 7, 5, 4, 5, 2, 4, 2, 2, 3, 7, 1, 6, 7, 1, 3, 3, 1, 2, 2, 7, 2, 4, 5, 4, 1, 6, 3, 5, 6, 6, 7, 7, 2, 7, 5, 4, 1, 5, 3, 2, 1, 3, 7, 7, 7, 1, 7, 6, 4, 3, 7, 2, 3, 7, 4, 3, 6, 7, 1, 6, 3, 6, 2, 7, 4, 5, 7, 6, 4, 5, 6, 5, 1, 1, 5, 7, 6, 3, 6, 2, 2, 5, 7, 1, 7, 3, 6, 5, 5, 7, 5, 1, 4, 3, 5, 1, 7, 6, 6, 3, 3, 5, 5, 7, 7, 3, 5, 6, 7, 7, 6, 2, 7, 1, 7, 3, 7, 7, 4, 7, 6, 6, 7, 6, 1, 5, 5, 7, 1, 7, 6, 6, 6, 4, 1, 7, 7, 7, 7, 6, 2, 4, 7, 6, 6, 1, 7, 7, 7, 7, 7, 7, 7, 6, 5, 1, 5, 2, 6, 7, 7, 7, 7, 7, 7, 1, 6, 6, 6, 6, 6, 1, 1, 1, 7, 7, 1, 7, 7, 6, 2, 6, 7, 6, 6, 5, 5, 3, 7, 7, 7, 7, 6, 7, 5, 6, 6, 5, 5, 1, 7, 5, 6, 7, 7, 6, 5, 2, 3, 7, 6, 6, 7, 7, 7, 7, 7, 6, 4, 2, 7, 6, 7, 3, 7, 3, 7, 3, 5, 3, 4, 5, 1, 7, 6, 6, 7, 2, 1, 4, 6, 1, 4, 3, 7, 7, 6, 7, 7, 6, 1, 3, 2, 7, 6, 7, 3, 7, 7, 6, 4, 5, 4, 1, 6, 3, 2, 1, 7, 7, 3, 5, 7, 3, 1, 7, 3, 1, 3, 1, 6, 1, 3, 6, 2, 5, 5, 4, 2, 1, 6, 4, 7, 7, 1, 6, 7, 5, 3, 7, 1, 7, 7, 6, 6, 6, 6, 1, 1, 5, 5, 7, 7, 7, 3, 7, 5, 2, 1, 5, 5, 1, 7, 5, 1, 5, 7, 2, 7, 6, 2, 4, 7, 7, 4, 1, 6, 3, 1, 7, 4, 6, 1, 2, 7, 3, 6, 4, 2, 3, 7, 2, 6, 2, 3, 1, 5, 1, 6, 3, 5, 6, 6, 6, 6, 6, 4, 6, 2, 2, 4, 6, 4, 2, 5, 1, 3, 7, 6, 6, 4, 6, 4, 7, 6, 3, 3, 6, 6, 7, 6, 1, 4, 6, 4, 6, 2, 6, 6, 6, 4, 4, 1, 7, 4, 6, 2, 1, 1, 5, 7, 5, 2, 7, 3, 7, 5, 3, 6, 5, 7, 6, 3, 6, 7, 6, 3, 1, 3, 4, 2, 7, 6, 3, 7, 2, 2, 6, 2, 4, 6, 7, 1, 5, 6, 5, 5, 2, 7, 3, 7, 7, 2, 3, 3, 1, 3, 5, 6, 2, 6, 2, 1, 6, 4, 3, 7, 5, 6, 4, 6, 3, 3, 7, 3, 5, 6, 5, 3, 4, 2, 7, 4, 6, 3, 4, 3, 7, 5, 1, 6, 6, 7, 3, 5, 5, 4, 4, 2, 7, 7, 2, 7, 6, 7, 1, 4, 6, 2, 5, 7, 7, 7, 7, 7, 5, 1, 2, 6, 3, 7, 6, 6, 7, 7, 7, 5, 6, 7, 1, 2, 7, 7, 6, 6, 7, 7, 6, 4, 6, 3, 7, 6, 7, 7, 7, 7, 7, 1, 5, 3, 5, 6, 7, 4, 7, 6, 7, 6, 7, 6, 2, 5, 7, 7, 7, 5, 2, 7, 4, 6, 6, 7, 1, 3, 1, 2, 6, 1, 1, 6, 6, 2, 5, 7, 7, 5, 7, 6, 4, 2, 4, 6, 4, 7, 7, 1, 2, 6, 1, 5, 2, 6, 6, 2, 4, 1, 1, 6, 6, 7, 4, 7, 4, 6, 7, 3, 7, 1, 3, 6, 7, 1, 1, 1, 7, 6, 6, 5, 6, 5, 3, 7, 6, 6, 5, 6, 6, 7, 7, 5, 3, 2, 5, 6, 7, 7, 2, 7, 7, 6, 7, 2, 4, 6, 3, 2, 7, 7, 7, 5, 6, 6, 6, 2, 7, 3, 1, 7, 6, 6, 7, 7, 7, 7, 3, 2, 3, 2, 6, 6, 6, 7, 2, 7, 7, 3, 4, 5, 7, 7, 4, 6, 6, 5, 6, 6, 7, 1, 7, 1, 1, 6, 7, 6, 2, 7, 5, 1, 2, 3, 7, 7, 6, 6, 7, 2, 1, 1, 3, 1, 5, 7, 5, 6, 7, 6, 6, 3, 6, 7, 7, 4, 1, 5, 7, 6, 7, 6, 1, 7, 4, 3, 7, 2, 7, 3, 6, 6, 6, 4, 1, 2, 7, 2, 7, 1, 7, 6, 7, 6, 5, 5, 3, 6, 3, 7, 6, 4, 6, 7, 7, 1, 2, 5, 2, 7, 3],[4306.633333,34998.608096,42328.868511,31.988417]
[3, 5, 3, 4, 5, 6, 7, 5, 1, 7, 5, 7, 3, 4, 7, 6, 2, 1, 1, 4, 3, 4, 1, 2, 1, 1, 6, 1, 7, 5, 1, 4, 5, 5, 7, 2, 1, 7, 7, 5, 3, 1, 6, 6, 1, 4, 7, 4, 2, 1, 3, 4, 7, 1, 7, 5, 4, 5, 3, 2, 6, 6, 2, 2, 6, 1, 5, 4, 2, 3, 3, 6, 4, 7, 4, 6, 3, 7, 6, 5, 1, 7, 4, 7, 2, 3, 5, 5, 7, 5, 7, 6, 6, 1, 2, 4, 2, 1, 5, 1, 5, 2, 7, 7, 4, 2, 1, 7, 7, 1, 7, 1, 7, 1, 3, 2, 6, 7, 7, 3, 2, 5, 5, 1, 6, 4, 6, 7, 6, 7, 2, 5, 7, 5, 3, 6, 3, 7, 7, 6, 3, 5, 6, 6, 6, 1, 5, 4, 5, 7, 7, 7, 4, 1, 5, 5, 1, 1, 7, 7, 1, 3, 1, 3, 2, 7, 7, 4, 4, 5, 4, 7, 3, 7, 6, 6, 6, 3, 5, 2, 5, 5, 3, 7, 7, 6, 7, 6, 3, 6, 6, 7, 6, 4, 3, 5, 5, 6, 7, 6, 7, 1, 3, 4, 4, 7, 1, 2, 4, 7, 7, 7, 5, 2, 2, 5, 1, 6, 1, 7, 2, 6, 7, 7, 7, 6, 7, 4, 1, 6, 5, 3, 3, 5, 7, 7, 7, 1, 3, 7, 1, 3, 6, 1, 6, 6, 3, 6, 5, 6, 7, 7, 7, 1, 2, 7, 4, 4, 4, 5, 7, 3, 4, 7, 3, 1, 4, 7, 3, 4, 2, 4, 5, 5, 1, 2, 7, 3, 4, 5, 5, 1, 7, 5, 6, 7, 2, 2, 6, 7, 1, 1, 7, 1, 7, 2, 5, 5, 4, 5, 4, 4, 3, 7, 6, 5, 3, 4, 2, 1, 1, 3, 4, 6, 3, 4, 6, 2, 6, 2, 4, 7, 2, 7, 2, 2, 3, 5, 5, 1, 4, 4, 6, 6, 7, 7, 6, 5, 1, 4, 1, 2, 6, 1, 2, 2, 7, 1, 7, 7, 5, 7, 3, 6, 6, 2, 3, 6, 2, 7, 3, 5, 7, 7, 2, 5, 2, 7, 7, 3, 5, 3, 4, 6, 4, 1, 1, 3, 4, 5, 2, 5, 7, 1, 3, 1, 6, 2, 3, 7, 5, 6, 4, 3, 6, 4, 2, 3, 4, 4, 1, 6, 2, 3, 4, 2, 7, 1, 3, 2, 2, 7, 3, 6, 6, 6, 4, 3, 7, 7, 7, 3, 7, 2, 7, 3, 7, 4, 1, 6, 6, 1, 6, 4, 5, 4, 7, 1, 6, 2, 5, 6, 3, 6, 3, 4, 7, 5, 4, 1, 6, 7, 2, 7, 6, 6, 4, 4, 4, 5, 6, 5, 7, 4, 7, 5, 4, 5, 2, 4, 2, 2, 3, 7, 7, 4, 1, 2, 3, 5, 6, 4, 4, 6, 2, 2, 4, 7, 3, 6, 3, 7, 1, 4, 3, 7, 3, 3, 2, 6, 6, 5, 7, 3, 1, 2, 7, 1, 7, 1, 6, 1, 4, 6, 5, 6, 1, 7, 7, 4, 6, 6, 1, 7, 1, 7, 2, 7, 2, 4, 5, 6, 5, 7, 3, 4, 5, 7, 1, 7, 6, 6, 3, 6, 6, 7, 4, 4, 2, 6, 7, 3, 5, 7, 4, 4, 1, 3, 5, 4, 1, 7, 6, 5, 4, 4, 7, 4, 5, 7, 2, 4, 7, 6, 6, 1, 7, 7, 2, 5, 7, 4, 7, 1, 6, 6, 7, 2, 3, 4, 1, 7, 4, 7, 7, 7, 6, 7, 5, 7, 7, 7, 7, 6, 4, 5, 6, 7, 2, 3, 7, 7, 7, 7, 7, 7, 7, 7, 5, 1, 4, 7, 6, 7, 7, 7, 7, 7, 7, 4, 6, 6, 3, 5, 7, 4, 3, 1, 7, 7, 4, 7, 7, 1, 5, 7, 6, 7, 6, 4, 6, 1, 7, 7, 6, 7, 2, 4, 7, 6, 6, 4, 3, 2, 7, 6, 7, 2, 6, 6, 3, 3, 2, 6, 6, 6, 7, 6, 7, 7, 7, 2, 6, 4, 6, 7, 6, 1, 7, 5, 3, 3, 6, 6, 1, 2, 1, 6, 7, 6, 7, 3, 7, 3, 5, 5, 1, 4, 6, 7, 7, 6, 7, 3, 1, 3, 7, 2, 2, 1, 6, 5, 7, 6, 2, 6, 4, 2, 7, 4, 4, 4, 6, 4, 3, 4, 5, 7, 3, 4, 4, 4, 3, 2, 4, 4, 2, 3, 3, 1, 1, 7, 6, 1, 7, 4, 6, 7, 3, 3, 7, 6, 2, 4, 5, 7, 7, 6, 1, 6, 7, 2, 3, 7, 4, 7, 7, 1, 7, 6, 5, 3, 1, 4, 7, 1, 1, 1, 4, 3, 7, 2, 7, 5, 6, 4, 7, 7, 2, 1, 3, 2, 2, 4, 5, 4, 2, 5, 7, 3, 7, 5, 1, 1, 5, 5, 5, 6, 2, 6, 7, 7, 2, 5, 4, 5, 1, 7, 3, 3, 2, 3, 2, 7, 6, 1, 6, 5, 6, 7, 3, 7, 6, 1, 1, 1, 7, 1, 7, 3, 1, 1, 6, 6, 5, 3, 5, 4, 7, 3, 2, 2, 6, 1, 7, 7, 1, 5, 2, 4, 2, 7, 7, 2, 6, 1, 6, 4, 6, 1, 4, 2, 5, 4, 6, 6, 6, 1, 6, 3, 5, 5, 1, 1, 3, 7, 6, 7, 7, 3, 6, 2, 4, 6, 4, 6, 3, 1, 3, 7, 6, 2, 7, 2, 3, 7, 3, 4, 2, 7, 7, 5, 5, 2, 3, 4, 5, 6, 5, 1, 7, 3, 7, 5, 6, 1, 2, 7, 6, 7, 2, 7, 3, 3, 1, 3, 7, 6, 2, 2, 1, 7, 4, 5, 7, 4, 7, 7, 7, 6, 5, 7, 5, 7, 7, 1, 6, 6, 6, 3, 5, 2, 6, 1, 6, 7, 6, 7, 7, 3, 1, 7, 3, 2, 7, 6, 6, 7, 7, 6, 4, 3, 5, 7, 7, 7, 6, 6, 7, 6, 7, 6, 7, 3, 3, 6, 7, 7, 7, 7, 7, 6, 5, 3, 4, 4, 6, 6, 1, 7, 7, 7, 7, 6, 7, 4, 3, 6, 6, 7, 6, 1, 1, 1, 7, 7, 5, 7, 5, 5, 1, 6, 5, 6, 6, 6, 4, 5, 2, 3, 2, 7, 7, 3, 6, 1, 7, 1, 6, 6, 6, 4, 6, 2, 1, 6, 7, 6, 1, 2, 2, 3, 6, 7, 6, 7, 7, 2, 6, 7, 4, 7, 6, 1, 6, 7, 6, 7, 2, 7, 7, 6, 1, 7, 2, 2, 6, 6, 7, 2, 3, 7, 6, 7, 2, 6, 6, 5, 6, 6, 1, 7, 3, 6, 6, 3, 1, 3, 3, 1, 5, 6, 6, 7, 1, 7, 6, 4, 4, 1, 6, 7, 6, 7, 7, 7, 6, 6, 7, 1, 1, 3, 3, 1, 7, 7, 7, 1, 6, 6, 2, 4, 4, 2, 7, 5, 6, 6, 4, 7, 6, 7, 7, 7, 5, 2, 7, 7, 7, 1, 6, 3, 1, 3, 7, 7, 6, 6, 7, 6, 3, 1, 4, 5, 7, 6, 7, 3, 7, 6, 6, 6, 7, 6, 7, 5, 4, 7, 2, 6, 6, 7, 7, 5, 1, 4, 1, 4, 6, 7, 7, 7, 6, 6, 4, 1, 6, 1, 7, 7, 1, 7, 7, 6, 4, 3, 6, 1, 5, 4, 7, 6, 6, 1, 2, 7, 1, 6, 4, 3, 6, 6],[4381.583333,34879.538120,42339.025649,32.048479]
[6, 4, 5, 2, 3, 7, 7, 5, 1, 1, 2, 6, 3, 5, 6, 1, 4, 4, 3, 6, 6, 6, 6, 7, 5, 1, 7, 3, 7, 2, 4, 5, 3, 3, 7, 3, 6, 3, 6, 7, 2, 3, 2, 2, 4, 5, 3, 1, 4, 4, 2, 2, 1, 5, 7, 4, 5, 7, 6, 5, 5, 2, 4, 1, 2, 1, 2, 2, 6, 1, 6, 2, 1, 6, 3, 1, 6, 4, 3, 5, 4, 5, 1, 1, 3, 2, 3, 1, 3, 3, 1, 6, 2, 2, 3, 1, 4, 7, 1, 4, 2, 2, 6, 7, 3, 3, 1, 3, 7, 7, 6, 3, 6, 4, 6, 1, 1, 6, 7, 2, 5, 7, 6, 7, 4, 1, 7, 7, 6, 4, 5, 5, 6, 2, 2, 4, 1, 6, 7, 7, 1, 6, 6, 7, 7, 6, 6, 6, 1, 7, 5, 7, 7, 1, 5, 6, 4, 3, 7, 5, 2, 6, 4, 2, 5, 7, 7, 1, 7, 6, 5, 3, 4, 7, 7, 7, 4, 1, 2, 7, 3, 5, 5, 7, 5, 2, 5, 5, 5, 2, 7, 6, 6, 6, 3, 7, 6, 1, 7, 7, 6, 5, 3, 4, 3, 6, 1, 5, 3, 7, 6, 2, 3, 1, 3, 3, 7, 3, 1, 7, 6, 3, 4, 1, 7, 3, 2, 3, 1, 6, 7, 2, 6, 7, 1, 3, 7, 6, 2, 7, 2, 6, 7, 7, 7, 5, 7, 1, 5, 1, 3, 5, 4, 3, 3, 3, 2, 2, 5, 2, 3, 1, 3, 2, 6, 3, 4, 1, 2, 2, 4, 2, 4, 6, 6, 4, 7, 4, 6, 7, 5, 6, 7, 1, 4, 6, 5, 6, 2, 5, 7, 1, 2, 5, 6, 7, 5, 1, 2, 7, 5, 3, 4, 6, 3, 3, 5, 5, 3, 3, 5, 4, 7, 7, 1, 7, 2, 1, 4, 1, 1, 4, 3, 6, 7, 4, 6, 1, 4, 7, 4, 6, 5, 4, 6, 7, 1, 3, 6, 5, 5, 7, 7, 5, 1, 1, 7, 5, 2, 5, 1, 1, 4, 3, 1, 7, 2, 4, 4, 6, 2, 2, 1, 6, 4, 2, 2, 3, 6, 3, 2, 7, 1, 2, 6, 7, 7, 1, 3, 2, 5, 1, 6, 6, 4, 4, 5, 1, 3, 1, 3, 3, 5, 7, 6, 1, 5, 7, 6, 3, 3, 4, 7, 3, 7, 6, 7, 2, 2, 4, 2, 1, 7, 3, 3, 3, 3, 3, 3, 7, 3, 3, 7, 3, 3, 3, 3, 3, 3, 3, 3, 3, 3, 3, 3, 3, 7, 3, 3, 3, 3, 3, 3, 3, 3, 3, 3, 3, 3, 1, 3, 3, 3, 3, 3, 3, 3, 3, 3, 3, 3, 3, 3, 3, 7, 3, 3, 3, 3, 3, 3, 3, 3, 3, 3, 3, 3, 3, 3, 3, 3, 3, 3, 3, 3, 3, 3, 3, 3, 3, 3, 3, 3, 3, 3, 7, 3, 3, 3, 3, 3, 3, 3, 3, 3, 3, 7, 3, 3, 3, 6, 3, 3, 3, 3, 3, 3, 7, 3, 3, 3, 6, 3, 3, 3, 3, 3, 3, 3, 3, 2, 6, 3, 3, 3, 3, 3, 3, 3, 6, 6, 3, 3, 3, 3, 3, 3, 3, 3, 3, 6, 3, 3, 6, 3, 3, 3, 3, 3, 3, 3, 6, 6, 3, 3, 7, 3, 3, 3, 3, 3, 3, 7, 6, 6, 3, 6, 3, 3, 3, 7, 3, 3, 3, 6, 6, 6, 3, 3, 3, 3, 7, 3, 7, 3, 6, 3, 3, 3, 6, 7, 7, 7, 6, 3, 3, 6, 6, 3, 3, 7, 7, 7, 7, 7, 7, 6, 6, 3, 3, 3, 3, 6, 7, 7, 3, 7, 7, 7, 3, 6, 6, 3, 3, 6, 3, 3, 3, 7, 3, 3, 7, 7, 3, 3, 6, 6, 6, 6, 3, 3, 3, 7, 7, 6, 7, 3, 3, 3, 6, 6, 3, 3, 3, 7, 3, 6, 3, 3, 3, 3, 3, 3, 6, 6, 6, 7, 3, 7, 7, 7, 3, 3, 3, 6, 6, 6, 3, 7, 3, 3, 3, 3, 3, 3, 3, 3, 6, 6, 6, 7, 3, 3, 3, 3, 3, 3, 3, 3, 6, 6, 6, 7, 3, 3, 3, 3, 3, 3, 3, 3, 3, 6, 6, 3, 3, 3, 3, 6, 3, 3, 3, 3, 3, 3, 3, 3, 3, 3, 3, 3, 3, 3, 3, 3, 3, 3, 3, 3, 3, 3, 3, 3, 3, 3, 3, 3, 7, 3, 3, 3, 3, 3, 3, 3, 7, 7, 3, 3, 3, 3, 3, 3, 3, 3, 7, 7, 3, 3, 6, 3, 3, 3, 3, 1, 3, 3, 5, 3, 3, 7, 3, 3, 3, 3, 3, 7, 7, 3, 3, 3, 3, 3, 3, 3, 3, 3, 3, 7, 3, 3, 3, 3, 3, 3, 3, 3, 3, 3, 3, 3, 3, 3, 3, 3, 3, 3, 3, 3, 3, 3, 3, 3, 3, 3, 3, 3, 3, 3, 3, 3, 6, 6, 3, 3, 3, 3, 3, 3, 3, 3, 3, 6, 6, 3, 3, 3, 3, 3, 3, 3, 3, 6, 3, 3, 3, 3, 3, 3, 3, 3, 3, 3, 3, 6, 3, 3, 3, 3, 3, 3, 3, 3, 3, 6, 6, 3, 3, 3, 3, 3, 3, 3, 3, 3, 6, 6, 3, 7, 3, 3, 3, 3, 3, 3, 6, 3, 3, 3, 3, 3, 3, 7, 3, 3, 6, 3, 3, 3, 3, 3, 3, 3, 3, 3, 3, 3, 3, 3, 3, 3, 3, 3, 3, 6, 3, 3, 3, 3, 3, 3, 3, 3, 3, 3, 3, 3, 6, 3, 3, 3, 7, 3, 3, 6, 3, 3, 3, 3, 3, 3, 3, 3, 6, 6, 3, 6, 6, 3, 3, 3, 3, 3, 3, 6, 6, 6, 6, 6, 3, 3, 3, 3, 3, 6, 6, 6, 6, 6, 6, 3, 3, 3, 3, 3, 6, 6, 6, 6, 6, 6, 6, 3, 3, 3, 6, 6, 7, 6, 6, 6, 6, 3, 3, 3, 3, 6, 6, 3, 6, 6, 6, 6, 6, 6, 3, 3, 6, 6, 6, 3, 3, 3, 3, 6, 6, 3, 3, 3, 3, 3, 6, 3, 3, 6, 6, 7, 3, 3, 3, 3, 6, 7, 3, 3, 3, 6, 3, 3, 3, 3, 3, 6, 3, 3, 3, 6, 3, 3, 3, 3, 3, 6, 6, 6, 3, 7, 3, 6, 6, 3, 3, 3, 3, 3, 6, 3, 3, 3, 6, 6, 6, 3, 3, 3, 3, 6, 6, 6, 3, 3, 6, 6, 6, 3, 3, 3, 3, 6, 6, 3, 3, 3, 6, 6, 3, 3, 4, 3, 3, 3, 6, 6, 3, 3, 6, 6, 3, 3, 3, 3, 3, 3, 6, 6, 7, 6, 6, 6, 3, 3, 3, 3, 3, 6, 6, 7, 3, 6, 6, 3, 3, 3, 3, 7, 3, 6, 6, 3, 6, 6, 6, 3, 7, 3, 3, 6, 6, 6, 3, 6, 3, 3, 3, 3, 3, 6, 6, 6, 6, 3, 3, 3, 3, 3, 3, 7, 3, 6, 6, 6, 6, 3, 3, 3, 3, 3, 3, 3, 6, 6, 6, 6, 3, 3, 3, 3, 3, 3, 7, 3, 6, 6, 6, 3, 3, 3, 3, 3, 7, 3, 7, 6, 6, 3, 3, 3, 3, 3, 3, 7, 6, 3, 3, 3, 7, 3, 3, 3, 3, 3, 3],[1987.700000,46899.297029,43367.711677,27.274665]
[3, 5, 3, 4, 5, 6, 7, 5, 1, 7, 5, 7, 3, 4, 7, 6, 2, 1, 1, 4, 3, 4, 1, 2, 1, 1, 6, 1, 7, 5, 1, 4, 5, 5, 7, 2, 1, 7, 7, 5, 3, 1, 6, 6, 1, 4, 7, 4, 2, 1, 3, 4, 7, 1, 7, 5, 4, 5, 3, 2, 6, 6, 2, 2, 6, 1, 5, 4, 2, 3, 3, 6, 4, 7, 4, 6, 3, 7, 6, 5, 1, 7, 4, 7, 2, 3, 5, 5, 7, 5, 7, 6, 6, 1, 2, 4, 2, 1, 5, 1, 5, 2, 7, 7, 4, 2, 1, 1, 7, 1, 7, 1, 7, 1, 3, 2, 6, 7, 7, 3, 2, 5, 5, 1, 6, 4, 6, 7, 6, 7, 2, 5, 7, 5, 3, 6, 3, 7, 7, 6, 3, 5, 6, 6, 6, 1, 5, 6, 5, 7, 7, 7, 4, 1, 5, 5, 1, 1, 7, 7, 1, 3, 1, 3, 2, 7, 7, 4, 4, 5, 4, 7, 3, 7, 6, 6, 6, 3, 5, 2, 5, 5, 3, 7, 7, 6, 7, 6, 3, 6, 6, 7, 6, 4, 3, 5, 5, 6, 7, 6, 7, 1, 3, 4, 4, 7, 1, 2, 4, 7, 7, 7, 5, 2, 2, 5, 1, 6, 1, 7, 2, 1, 7, 7, 7, 6, 7, 4, 1, 6, 5, 3, 3, 5, 7, 7, 7, 1, 3, 7, 1, 3, 6, 1, 6, 6, 3, 6, 5, 6, 7, 7, 7, 1, 2, 7, 4, 4, 4, 5, 7, 3, 4, 7, 3, 1, 4, 7, 3, 4, 2, 4, 5, 5, 1, 2, 7, 3, 4, 5, 5, 1, 7, 5, 6, 7, 2, 2, 6, 7, 1, 1, 7, 1, 7, 2, 5, 5, 4, 5, 4, 4, 3, 7, 6, 5, 3, 4, 2, 1, 1, 3, 4, 6, 3, 4, 6, 2, 6, 2, 4, 7, 2, 7, 2, 2, 3, 5, 5, 1, 4, 4, 6, 6, 7, 7, 6, 5, 1, 4, 1, 2, 6, 1, 2, 2, 7, 1, 7, 7, 5, 7, 3, 6, 6, 2, 3, 6, 2, 7, 3, 5, 7, 7, 2, 5, 2, 7, 7, 3, 5, 3, 4, 6, 4, 1, 1, 3, 4, 5, 2, 5, 7, 1, 3, 1, 6, 2, 3, 7, 5, 6, 4, 3, 6, 4, 2, 3, 4, 4, 1, 6, 2, 3, 4, 2, 7, 1, 3, 2, 2, 7, 3, 6, 6, 6, 4, 3, 7, 7, 7, 3, 7, 2, 7, 3, 7, 4, 1, 6, 6, 1, 6, 4, 5, 4, 7, 1, 6, 2, 5, 6, 3, 6, 3, 4, 7, 5, 4, 1, 6, 7, 2, 7, 6, 6, 4, 4, 4, 5, 6, 5, 7, 4, 7, 5, 4, 5, 2, 4, 2, 2, 3, 7, 7, 4, 1, 2, 3, 5, 6, 4, 4, 6, 2, 2, 4, 7, 3, 6, 3, 7, 1, 4, 3, 7, 3, 3, 2, 6, 6, 5, 7, 3, 1, 2, 7, 1, 7, 1, 6, 1, 4, 6, 5, 6, 1, 7, 7, 4, 6, 6, 1, 7, 1, 7, 2, 7, 2, 4, 5, 6, 5, 7, 3, 4, 5, 7, 1, 7, 6, 6, 3, 6, 6, 7, 4, 4, 2, 6, 7, 3, 5, 7, 4, 4, 1, 3, 5, 4, 1, 7, 6, 5, 4, 4, 7, 4, 5, 7, 2, 4, 7, 6, 6, 1, 7, 7, 2, 5, 7, 4, 7, 1, 6, 6, 7, 2, 3, 4, 1, 7, 4, 7, 7, 7, 6, 7, 5, 7, 7, 7, 7, 6, 4, 5, 6, 7, 2, 3, 7, 7, 7, 7, 7, 7, 7, 7, 5, 1, 4, 7, 6, 7, 7, 7, 7, 7, 7, 4, 6, 6, 3, 5, 7, 4, 3, 1, 7, 7, 4, 7, 7, 1, 5, 7, 6, 7, 6, 4, 6, 1, 7, 7, 6, 7, 2, 4, 7, 6, 6, 4, 3, 2, 7, 6, 7, 2, 6, 6, 3, 3, 2, 6, 6, 6, 7, 6, 7, 7, 7, 2, 6, 4, 6, 7, 6, 1, 7, 5, 3, 3, 6, 6, 1, 2, 1, 6, 7, 6, 7, 7, 7, 3, 5, 5, 1, 4, 6, 7, 7, 6, 7, 3, 1, 3, 7, 2, 2, 1, 6, 5, 7, 6, 2, 6, 4, 2, 7, 4, 4, 4, 6, 4, 3, 4, 5, 7, 3, 4, 4, 4, 3, 2, 4, 4, 2, 3, 3, 1, 1, 7, 6, 1, 7, 4, 6, 7, 3, 3, 7, 6, 2, 4, 5, 7, 7, 6, 1, 6, 7, 2, 3, 7, 4, 7, 7, 1, 7, 6, 5, 3, 1, 4, 7, 1, 1, 1, 4, 3, 7, 2, 7, 5, 6, 4, 7, 7, 2, 1, 3, 2, 2, 4, 5, 4, 2, 5, 7, 3, 7, 5, 1, 1, 5, 5, 5, 6, 2, 6, 7, 7, 2, 5, 4, 5, 1, 7, 3, 3, 2, 3, 2, 7, 6, 1, 6, 5, 6, 7, 3, 7, 6, 1, 1, 1, 7, 1, 7, 3, 1, 1, 6, 6, 5, 3, 5, 4, 7, 3, 2, 2, 6, 1, 7, 7, 1, 5, 2, 4, 2, 7, 7, 2, 6, 1, 6, 4, 6, 1, 4, 2, 5, 4, 6, 6, 6, 1, 6, 3, 5, 5, 1, 1, 3, 7, 6, 7, 7, 3, 6, 2, 4, 6, 4, 6, 3, 1, 3, 7, 6, 2, 7, 2, 3, 7, 3, 4, 2, 7, 7, 5, 5, 2, 3, 4, 5, 6, 5, 1, 7, 3, 7, 5, 7, 1, 2, 7, 6, 7, 2, 7, 2, 3, 1, 3, 7, 6, 2, 2, 1, 7, 4, 5, 7, 4, 7, 7, 7, 6, 5, 7, 5, 7, 7, 1, 6, 6, 6, 3, 5, 2, 6, 1, 6, 7, 6, 7, 7, 3, 1, 7, 3, 2, 7, 6, 6, 7, 7, 6, 4, 3, 5, 7, 7, 7, 6, 6, 7, 6, 7, 6, 7, 3, 3, 6, 7, 7, 7, 7, 7, 6, 5, 3, 4, 4, 6, 6, 1, 7, 7, 7, 7, 6, 7, 4, 3, 6, 6, 7, 6, 1, 1, 1, 7, 7, 5, 7, 5, 5, 1, 6, 5, 6, 6, 6, 4, 5, 2, 3, 2, 7, 7, 3, 6, 1, 7, 1, 6, 6, 6, 4, 6, 2, 1, 6, 7, 6, 1, 2, 2, 3, 6, 7, 6, 7, 7, 2, 6, 7, 4, 7, 6, 1, 6, 7, 6, 7, 2, 7, 7, 6, 1, 7, 2, 2, 6, 6, 7, 2, 3, 7, 6, 7, 2, 6, 6, 5, 6, 6, 1, 7, 3, 6, 6, 3, 1, 3, 3, 1, 1, 6, 6, 7, 1, 7, 6, 4, 4, 1, 6, 7, 6, 7, 7, 7, 6, 6, 7, 1, 1, 3, 3, 1, 7, 7, 7, 1, 6, 6, 2, 4, 4, 2, 7, 5, 6, 6, 4, 7, 6, 7, 7, 7, 5, 2, 7, 7, 7, 1, 6, 3, 1, 3, 7, 7, 6, 6, 7, 6, 3, 1, 4, 5, 7, 6, 7, 3, 7, 6, 6, 6, 7, 6, 7, 5, 4, 7, 2, 6, 6, 7, 7, 5, 1, 4, 1, 4, 6, 7, 7, 7, 6, 6, 4, 1, 6, 1, 7, 7, 1, 7, 7, 6, 4, 3, 6, 1, 7, 4, 7, 6, 6, 1, 2, 7, 1, 6, 4, 3, 6, 6],[4395.866667,34657.326831,42339.526102,32.087486]
[1, 3, 5, 2, 6, 7, 7, 7, 4, 1, 4, 7, 2, 1, 6, 5, 4, 2, 5, 2, 7, 4, 5, 2, 3, 3, 2, 3, 7, 1, 2, 2, 3, 1, 3, 6, 1, 6, 4, 3, 6, 7, 5, 2, 7, 5, 2, 6, 6, 2, 1, 5, 2, 4, 1, 2, 7, 3, 3, 1, 3, 7, 1, 2, 2, 6, 6, 5, 5, 3, 4, 1, 1, 2, 2, 4, 6, 4, 3, 4, 1, 1, 7, 7, 5, 6, 4, 6, 7, 2, 6, 3, 7, 7, 1, 4, 5, 6, 1, 3, 5, 7, 3, 1, 3, 7, 4, 2, 6, 3, 7, 7, 5, 2, 2, 5, 2, 7, 6, 5, 7, 3, 2, 4, 1, 3, 6, 7, 7, 3, 5, 3, 7, 4, 3, 4, 1, 6, 7, 7, 7, 7, 6, 6, 7, 4, 5, 4, 1, 7, 3, 7, 5, 7, 4, 5, 1, 3, 7, 5, 4, 4, 3, 3, 1, 7, 7, 3, 2, 1, 5, 1, 7, 7, 7, 7, 5, 4, 7, 7, 4, 5, 3, 7, 5, 4, 2, 7, 4, 5, 7, 5, 4, 7, 1, 3, 7, 2, 5, 7, 7, 7, 6, 3, 4, 7, 2, 6, 6, 7, 7, 2, 5, 2, 1, 4, 7, 6, 7, 7, 3, 3, 3, 1, 6, 1, 7, 7, 6, 1, 2, 6, 3, 2, 6, 3, 2, 7, 6, 7, 2, 6, 6, 6, 5, 4, 3, 2, 7, 2, 6, 1, 2, 3, 6, 5, 7, 6, 6, 5, 1, 2, 1, 1, 4, 5, 2, 2, 7, 5, 1, 2, 6, 5, 5, 5, 7, 7, 6, 6, 2, 7, 6, 5, 3, 7, 6, 2, 6, 1, 7, 5, 2, 7, 1, 2, 5, 6, 2, 5, 5, 7, 6, 6, 4, 2, 5, 2, 5, 2, 3, 2, 3, 7, 5, 1, 2, 3, 4, 4, 5, 4, 7, 6, 1, 7, 3, 7, 7, 5, 6, 1, 1, 3, 5, 7, 2, 4, 2, 6, 4, 4, 1, 7, 4, 7, 7, 3, 7, 6, 6, 4, 6, 3, 7, 4, 2, 3, 2, 6, 3, 2, 4, 5, 4, 2, 7, 5, 7, 1, 4, 6, 2, 2, 6, 7, 6, 2, 5, 4, 1, 5, 6, 3, 5, 4, 4, 6, 1, 2, 2, 2, 5, 7, 7, 7, 2, 1, 1, 6, 7, 7, 7, 2, 6, 4, 6, 1, 4, 3, 7, 3, 6, 6, 3, 4, 1, 1, 6, 7, 7, 6, 7, 4, 6, 7, 1, 3, 1, 6, 2, 4, 3, 1, 6, 4, 7, 1, 6, 3, 5, 6, 5, 2, 5, 1, 1, 7, 5, 1, 3, 7, 2, 5, 1, 7, 1, 4, 5, 7, 5, 7, 5, 6, 7, 6, 4, 2, 7, 4, 5, 1, 3, 6, 7, 4, 1, 2, 3, 5, 6, 4, 4, 6, 2, 2, 4, 7, 3, 6, 3, 7, 1, 4, 3, 7, 3, 3, 2, 6, 6, 5, 7, 3, 1, 2, 7, 1, 7, 1, 6, 1, 4, 6, 5, 6, 1, 7, 7, 4, 6, 6, 1, 7, 1, 2, 2, 7, 2, 4, 5, 6, 5, 7, 3, 4, 5, 7, 1, 7, 6, 6, 3, 6, 6, 7, 4, 4, 2, 6, 7, 3, 5, 7, 4, 4, 1, 3, 5, 4, 1, 7, 6, 5, 4, 4, 7, 4, 5, 7, 2, 4, 7, 6, 6, 1, 7, 7, 2, 5, 7, 4, 7, 1, 6, 6, 7, 2, 3, 4, 1, 7, 4, 7, 7, 7, 6, 7, 5, 7, 7, 7, 7, 6, 4, 5, 6, 7, 2, 3, 7, 7, 7, 7, 7, 7, 7, 7, 5, 1, 4, 7, 6, 7, 7, 7, 7, 7, 7, 4, 6, 6, 3, 5, 7, 4, 3, 1, 7, 7, 4, 7, 7, 1, 5, 7, 6, 7, 6, 4, 6, 1, 7, 7, 6, 7, 2, 4, 7, 6, 6, 4, 3, 2, 7, 6, 7, 2, 6, 6, 3, 3, 2, 6, 6, 6, 7, 6, 7, 7, 7, 2, 6, 4, 6, 7, 6, 1, 7, 5, 3, 3, 6, 6, 1, 2, 1, 6, 7, 6, 7, 3, 7, 3, 5, 5, 1, 4, 6, 7, 7, 6, 7, 3, 3, 3, 3, 3, 3, 3, 3, 3, 6, 6, 3, 3, 3, 3, 6, 3, 3, 3, 3, 3, 3, 3, 3, 3, 3, 3, 3, 3, 3, 3, 3, 3, 3, 3, 3, 3, 3, 3, 3, 3, 3, 3, 3, 7, 3, 3, 3, 3, 3, 3, 3, 7, 7, 3, 3, 3, 3, 3, 3, 3, 3, 7, 7, 3, 3, 6, 3, 3, 3, 3, 3, 3, 3, 3, 3, 3, 7, 3, 3, 3, 3, 3, 7, 7, 3, 3, 3, 3, 3, 3, 3, 3, 3, 3, 7, 3, 3, 3, 3, 3, 3, 3, 3, 3, 3, 3, 3, 3, 3, 3, 3, 3, 3, 3, 3, 3, 3, 3, 3, 3, 3, 3, 3, 3, 3, 3, 3, 6, 6, 3, 3, 3, 3, 3, 3, 3, 3, 3, 6, 6, 3, 3, 3, 3, 3, 3, 3, 3, 6, 3, 3, 3, 3, 3, 3, 3, 3, 3, 3, 3, 6, 3, 3, 3, 3, 3, 3, 3, 3, 3, 6, 6, 3, 3, 3, 3, 3, 3, 3, 3, 3, 6, 6, 3, 3, 3, 3, 3, 3, 3, 3, 6, 3, 3, 3, 3, 3, 3, 7, 3, 3, 6, 3, 3, 3, 3, 3, 3, 3, 3, 3, 3, 3, 3, 3, 3, 3, 3, 3, 3, 6, 3, 3, 5, 3, 3, 3, 3, 3, 3, 3, 3, 3, 6, 3, 3, 3, 7, 3, 3, 6, 3, 3, 3, 3, 3, 3, 3, 3, 6, 6, 3, 6, 6, 3, 3, 3, 3, 3, 3, 6, 6, 6, 6, 6, 3, 3, 3, 3, 3, 6, 6, 6, 6, 6, 6, 3, 3, 3, 3, 3, 6, 6, 6, 6, 6, 6, 6, 3, 3, 3, 6, 6, 7, 6, 6, 6, 6, 3, 3, 3, 3, 6, 6, 3, 6, 6, 6, 6, 6, 6, 3, 3, 6, 6, 6, 3, 3, 3, 3, 6, 6, 3, 3, 3, 3, 3, 6, 3, 3, 6, 6, 3, 3, 3, 3, 3, 6, 6, 3, 3, 3, 6, 3, 3, 3, 3, 3, 6, 3, 3, 3, 6, 3, 3, 3, 3, 3, 6, 6, 6, 3, 7, 3, 6, 6, 3, 3, 3, 3, 3, 6, 3, 3, 3, 6, 6, 6, 3, 3, 3, 3, 6, 6, 6, 3, 3, 6, 6, 6, 3, 3, 3, 3, 6, 6, 3, 3, 3, 6, 6, 3, 6, 3, 3, 3, 3, 6, 6, 3, 3, 6, 6, 3, 3, 3, 3, 3, 3, 6, 6, 7, 6, 6, 6, 3, 3, 3, 3, 3, 6, 6, 7, 3, 6, 6, 3, 3, 3, 3, 7, 3, 6, 6, 3, 6, 6, 6, 3, 7, 3, 3, 6, 6, 6, 3, 6, 3, 3, 3, 3, 3, 6, 6, 6, 6, 3, 3, 3, 3, 3, 3, 7, 3, 6, 6, 6, 6, 3, 3, 3, 3, 3, 3, 3, 6, 6, 6, 6, 3, 3, 3, 3, 3, 3, 7, 3, 6, 6, 6, 3, 3, 3, 3, 3, 7, 3, 7, 6, 6, 3, 3, 3, 3, 3, 3, 7, 6, 3, 3, 3, 7, 3, 3, 3, 3, 3, 3],[2650.883333,42747.691785,42999.214525,29.217139]
[1, 3, 5, 2, 6, 7, 7, 7, 4, 1, 4, 7, 2, 1, 6, 5, 4, 2, 5, 2, 7, 4, 5, 2, 3, 3, 2, 3, 7, 1, 2, 2, 3, 1, 3, 6, 1, 6, 4, 3, 6, 7, 5, 2, 7, 5, 2, 6, 6, 2, 1, 5, 2, 4, 1, 2, 7, 3, 3, 1, 3, 7, 1, 7, 2, 6, 6, 5, 5, 3, 4, 1, 1, 2, 2, 4, 6, 4, 3, 4, 1, 1, 7, 7, 5, 6, 4, 6, 7, 2, 6, 3, 7, 7, 1, 4, 5, 6, 1, 3, 5, 7, 3, 1, 3, 7, 4, 2, 6, 3, 7, 7, 5, 2, 2, 5, 2, 7, 6, 5, 7, 3, 2, 4, 7, 3, 6, 7, 7, 3, 5, 3, 7, 4, 3, 4, 1, 6, 7, 7, 7, 7, 6, 6, 7, 4, 5, 4, 1, 7, 3, 7, 5, 7, 4, 5, 1, 3, 7, 5, 4, 4, 3, 3, 1, 7, 7, 3, 2, 1, 5, 1, 7, 7, 7, 7, 5, 4, 7, 7, 4, 5, 3, 7, 5, 4, 2, 7, 4, 5, 7, 5, 4, 7, 1, 3, 7, 2, 5, 7, 7, 7, 6, 3, 4, 7, 2, 6, 6, 7, 7, 2, 5, 2, 1, 4, 7, 6, 7, 7, 3, 3, 3, 1, 6, 1, 7, 7, 6, 1, 2, 6, 3, 2, 6, 3, 2, 7, 6, 7, 2, 6, 6, 6, 5, 4, 3, 2, 7, 2, 6, 1, 2, 3, 6, 5, 7, 6, 6, 5, 1, 2, 1, 1, 4, 5, 2, 2, 7, 5, 1, 2, 6, 5, 5, 5, 7, 7, 6, 6, 2, 7, 6, 5, 3, 7, 6, 2, 6, 1, 7, 5, 2, 7, 1, 2, 5, 6, 2, 5, 5, 7, 6, 6, 4, 2, 5, 2, 5, 2, 3, 2, 7, 7, 5, 1, 2, 3, 4, 4, 5, 5, 7, 6, 1, 7, 3, 7, 7, 5, 6, 1, 1, 3, 5, 7, 2, 4, 2, 6, 4, 4, 1, 7, 4, 7, 7, 3, 7, 6, 6, 4, 6, 3, 7, 4, 2, 3, 2, 6, 3, 2, 4, 5, 4, 2, 7, 5, 7, 1, 4, 6, 2, 2, 6, 7, 6, 2, 5, 4, 1, 5, 7, 3, 5, 4, 4, 6, 1, 2, 2, 2, 5, 7, 7, 7, 2, 1, 1, 6, 7, 2, 6, 2, 6, 4, 6, 1, 4, 3, 7, 3, 6, 6, 3, 4, 1, 1, 6, 7, 7, 6, 7, 4, 6, 7, 1, 3, 1, 6, 2, 4, 3, 1, 6, 4, 7, 1, 6, 3, 5, 6, 5, 2, 5, 1, 1, 7, 5, 1, 3, 7, 2, 5, 1, 7, 1, 4, 5, 7, 5, 7, 5, 6, 7, 6, 4, 2, 4, 4, 5, 7, 3, 6, 7, 4, 1, 2, 3, 5, 6, 4, 4, 6, 2, 2, 4, 7, 3, 6, 3, 7, 1, 4, 3, 7, 3, 3, 2, 6, 6, 5, 7, 3, 1, 2, 7, 1, 7, 1, 6, 1, 4, 6, 5, 6, 1, 7, 7, 4, 6, 6, 1, 7, 1, 7, 2, 7, 2, 4, 5, 6, 5, 7, 3, 4, 5, 7, 1, 7, 6, 6, 3, 6, 4, 7, 4, 4, 2, 6, 7, 3, 5, 7, 4, 4, 1, 3, 5, 4, 1, 7, 6, 5, 4, 4, 7, 4, 5, 7, 2, 4, 7, 6, 6, 1, 7, 7, 2, 5, 7, 4, 7, 1, 6, 6, 7, 2, 3, 4, 1, 7, 4, 7, 7, 7, 3, 7, 5, 7, 7, 7, 7, 6, 4, 5, 6, 7, 2, 3, 7, 7, 7, 7, 7, 7, 7, 7, 5, 1, 4, 7, 6, 7, 7, 7, 7, 7, 7, 4, 6, 6, 3, 4, 7, 4, 3, 1, 7, 7, 4, 7, 7, 1, 5, 7, 6, 7, 6, 4, 6, 1, 7, 7, 6, 7, 2, 4, 7, 6, 6, 4, 3, 2, 7, 6, 7, 2, 6, 6, 3, 3, 2, 6, 6, 6, 7, 6, 7, 7, 7, 2, 6, 4, 6, 7, 6, 1, 7, 5, 3, 3, 6, 6, 1, 2, 1, 6, 7, 6, 7, 7, 7, 3, 5, 5, 1, 4, 6, 7, 7, 6, 7, 3, 1, 3, 7, 2, 2, 1, 6, 5, 7, 6, 2, 6, 4, 2, 7, 4, 4, 4, 6, 4, 3, 3, 5, 7, 3, 4, 4, 4, 3, 2, 4, 4, 2, 3, 3, 1, 1, 7, 6, 1, 7, 4, 6, 7, 3, 3, 7, 6, 2, 4, 5, 7, 7, 6, 1, 6, 7, 2, 3, 7, 4, 7, 7, 1, 7, 6, 5, 3, 1, 4, 7, 1, 1, 1, 4, 3, 7, 2, 7, 5, 6, 4, 7, 7, 2, 1, 3, 2, 2, 4, 5, 4, 2, 5, 7, 3, 7, 5, 1, 1, 5, 5, 5, 6, 2, 6, 7, 7, 2, 5, 4, 5, 1, 4, 3, 3, 2, 3, 2, 7, 6, 1, 6, 5, 6, 7, 3, 7, 6, 1, 1, 1, 7, 1, 7, 3, 1, 1, 6, 6, 5, 3, 5, 4, 7, 3, 2, 2, 6, 1, 7, 7, 1, 5, 2, 4, 2, 7, 7, 2, 6, 1, 6, 4, 6, 1, 4, 2, 5, 4, 6, 6, 6, 1, 6, 3, 5, 5, 1, 1, 3, 7, 6, 6, 7, 3, 6, 2, 4, 6, 4, 6, 3, 1, 3, 7, 6, 2, 7, 2, 3, 7, 3, 4, 2, 7, 7, 5, 5, 2, 3, 4, 5, 6, 5, 1, 7, 3, 7, 5, 7, 1, 2, 7, 6, 7, 2, 7, 2, 3, 1, 3, 7, 6, 2, 2, 1, 7, 4, 5, 7, 4, 7, 6, 7, 6, 5, 7, 5, 7, 7, 1, 6, 6, 6, 3, 5, 2, 6, 1, 6, 7, 6, 7, 7, 3, 1, 7, 3, 2, 7, 6, 6, 7, 7, 6, 4, 3, 5, 7, 7, 7, 6, 6, 7, 6, 7, 6, 7, 3, 3, 6, 7, 7, 7, 7, 7, 6, 5, 3, 4, 4, 6, 6, 1, 7, 7, 7, 7, 6, 7, 4, 3, 6, 6, 7, 6, 1, 1, 1, 7, 7, 5, 7, 5, 5, 1, 6, 5, 6, 6, 6, 4, 5, 2, 3, 2, 7, 7, 3, 6, 1, 7, 1, 6, 6, 6, 4, 6, 2, 1, 6, 7, 6, 1, 2, 2, 3, 6, 7, 6, 7, 7, 2, 6, 7, 4, 7, 6, 1, 6, 7, 6, 7, 2, 7, 7, 6, 1, 7, 2, 2, 6, 6, 7, 2, 3, 7, 6, 7, 2, 6, 6, 5, 6, 6, 1, 7, 3, 6, 6, 3, 1, 3, 3, 1, 1, 6, 6, 7, 1, 7, 6, 4, 4, 1, 6, 7, 6, 7, 7, 7, 6, 6, 7, 1, 1, 3, 3, 1, 7, 7, 7, 1, 6, 6, 2, 4, 4, 2, 7, 5, 6, 6, 4, 7, 6, 7, 7, 7, 5, 2, 7, 7, 7, 1, 6, 3, 1, 3, 7, 7, 6, 6, 7, 6, 3, 1, 4, 5, 7, 6, 7, 3, 7, 6, 6, 6, 7, 6, 7, 5, 5, 7, 2, 6, 6, 7, 7, 5, 1, 4, 1, 4, 6, 7, 7, 7, 6, 6, 4, 1, 6, 1, 7, 7, 1, 7, 7, 6, 4, 3, 6, 1, 7, 4, 7, 6, 6, 1, 2, 7, 1, 6, 4, 3, 6, 6],[4325.883333,34568.609414,42350.028726,32.083948]
[1, 2, 3, 4, 5, 6, 7, 3, 3, 3, 3, 3, 3, 3, 3, 3, 3, 3, 3, 3, 3, 3, 3, 3, 3, 3, 3, 3, 3, 3, 3, 3, 3, 3, 3, 3, 3, 3, 3, 3, 3, 3, 3, 3, 3, 3, 3, 3, 3, 3, 3, 3, 3, 5, 3, 3, 3, 3, 3, 3, 3, 3, 3, 3, 3, 3, 3, 3, 3, 3, 3, 3, 3, 3, 3, 4, 6, 4, 3, 4, 1, 1, 7, 7, 5, 6, 4, 6, 7, 2, 6, 3, 7, 7, 1, 4, 5, 6, 1, 3, 5, 7, 3, 1, 3, 7, 4, 7, 6, 3, 7, 7, 5, 2, 2, 5, 2, 7, 6, 5, 7, 3, 2, 4, 7, 3, 6, 7, 7, 3, 5, 3, 7, 4, 3, 4, 1, 6, 7, 7, 7, 7, 6, 6, 6, 4, 5, 4, 1, 7, 3, 7, 5, 7, 4, 5, 1, 3, 7, 5, 4, 4, 3, 3, 1, 7, 7, 3, 2, 1, 5, 1, 7, 7, 7, 7, 5, 4, 7, 7, 4, 5, 3, 7, 5, 4, 2, 7, 4, 5, 7, 6, 4, 7, 1, 3, 7, 2, 5, 7, 7, 7, 6, 3, 4, 7, 2, 6, 6, 7, 7, 2, 5, 2, 1, 4, 7, 6, 7, 7, 3, 3, 3, 1, 6, 1, 7, 7, 6, 1, 2, 6, 3, 2, 6, 3, 2, 7, 6, 7, 2, 6, 6, 6, 5, 4, 3, 2, 7, 2, 6, 1, 2, 3, 6, 5, 7, 6, 6, 5, 1, 2, 1, 1, 4, 5, 2, 2, 7, 5, 1, 2, 6, 5, 5, 5, 7, 7, 6, 6, 2, 7, 6, 5, 3, 7, 6, 2, 6, 1, 7, 5, 2, 7, 1, 2, 5, 6, 2, 5, 5, 7, 6, 6, 4, 2, 5, 2, 5, 2, 3, 2, 5, 7, 5, 1, 2, 3, 4, 4, 5, 5, 7, 6, 1, 7, 3, 7, 7, 5, 6, 1, 1, 3, 5, 7, 2, 4, 2, 6, 4, 4, 1, 7, 4, 7, 7, 3, 7, 6, 6, 4, 6, 3, 7, 4, 2, 3, 2, 6, 3, 2, 4, 5, 4, 2, 7, 5, 7, 1, 4, 6, 2, 2, 6, 7, 6, 2, 5, 4, 1, 5, 7, 3, 5, 4, 4, 6, 1, 2, 2, 2, 5, 7, 7, 7, 2, 1, 1, 6, 7, 2, 6, 2, 6, 4, 6, 1, 4, 3, 7, 3, 6, 6, 3, 4, 1, 1, 6, 7, 7, 6, 7, 4, 6, 7, 1, 3, 1, 6, 2, 4, 3, 1, 6, 4, 7, 1, 6, 3, 1, 6, 5, 2, 5, 1, 1, 7, 5, 1, 3, 7, 2, 5, 1, 7, 1, 4, 5, 7, 5, 7, 5, 6, 7, 6, 4, 2, 4, 4, 5, 7, 3, 6, 7, 4, 1, 2, 3, 5, 6, 4, 4, 6, 2, 2, 4, 7, 3, 6, 3, 7, 1, 4, 3, 7, 3, 3, 2, 6, 6, 5, 7, 3, 1, 2, 7, 1, 7, 1, 6, 1, 4, 6, 5, 6, 1, 7, 7, 4, 6, 6, 1, 7, 1, 7, 2, 3, 2, 4, 5, 6, 5, 7, 3, 4, 5, 7, 1, 7, 6, 6, 3, 6, 4, 7, 4, 4, 2, 6, 7, 3, 5, 7, 4, 4, 1, 3, 5, 4, 1, 7, 6, 5, 4, 4, 7, 4, 5, 7, 2, 4, 7, 6, 6, 1, 7, 7, 2, 4, 7, 4, 7, 1, 6, 6, 7, 2, 3, 4, 1, 7, 4, 7, 7, 7, 3, 7, 5, 7, 7, 7, 7, 6, 4, 5, 6, 7, 2, 3, 7, 7, 7, 7, 7, 7, 7, 7, 5, 1, 4, 7, 6, 7, 7, 7, 7, 7, 7, 4, 6, 6, 3, 4, 7, 4, 3, 1, 7, 7, 4, 7, 7, 1, 5, 7, 6, 7, 6, 4, 6, 1, 7, 7, 6, 7, 2, 4, 7, 6, 6, 4, 3, 4, 7, 6, 7, 2, 6, 6, 3, 3, 2, 6, 6, 6, 7, 6, 7, 7, 7, 2, 6, 4, 6, 7, 6, 1, 7, 5, 3, 3, 6, 6, 1, 2, 1, 6, 7, 6, 7, 7, 7, 3, 5, 5, 1, 4, 6, 7, 7, 6, 7, 3, 1, 3, 7, 2, 2, 1, 6, 5, 7, 6, 2, 6, 4, 2, 7, 4, 4, 4, 6, 4, 3, 3, 5, 7, 3, 4, 4, 4, 3, 2, 4, 4, 2, 3, 3, 1, 1, 7, 6, 1, 7, 4, 6, 7, 3, 3, 7, 6, 2, 4, 5, 7, 7, 6, 1, 6, 7, 2, 3, 7, 4, 7, 7, 1, 7, 6, 5, 3, 1, 4, 7, 1, 1, 1, 4, 3, 7, 2, 7, 5, 6, 4, 7, 7, 2, 1, 3, 2, 2, 4, 5, 4, 2, 5, 7, 3, 7, 5, 1, 1, 5, 5, 5, 6, 2, 6, 7, 7, 2, 5, 4, 5, 1, 4, 3, 3, 2, 3, 2, 7, 6, 1, 6, 5, 6, 7, 3, 7, 6, 1, 1, 1, 7, 1, 7, 3, 1, 1, 6, 6, 5, 3, 5, 4, 7, 3, 2, 2, 6, 1, 7, 7, 1, 5, 2, 4, 1, 7, 7, 2, 6, 1, 6, 4, 6, 1, 4, 2, 5, 4, 6, 6, 6, 1, 6, 3, 5, 5, 1, 1, 3, 7, 6, 6, 7, 3, 6, 2, 4, 6, 4, 6, 3, 1, 3, 7, 6, 2, 7, 2, 3, 7, 3, 4, 2, 7, 7, 5, 5, 2, 3, 4, 5, 6, 5, 1, 7, 3, 7, 5, 7, 1, 2, 7, 6, 7, 2, 7, 2, 3, 1, 3, 7, 6, 2, 2, 1, 7, 4, 5, 7, 4, 7, 6, 7, 6, 5, 7, 5, 7, 7, 1, 6, 6, 6, 3, 5, 2, 6, 1, 6, 7, 6, 7, 7, 3, 1, 7, 3, 2, 7, 6, 6, 7, 7, 6, 4, 3, 5, 7, 7, 7, 6, 6, 7, 6, 7, 6, 7, 3, 3, 6, 7, 7, 7, 7, 7, 6, 5, 3, 4, 4, 6, 6, 1, 7, 7, 7, 7, 6, 7, 4, 3, 6, 6, 7, 6, 1, 1, 1, 7, 7, 5, 7, 5, 5, 1, 6, 5, 6, 6, 6, 4, 5, 2, 3, 2, 7, 7, 3, 6, 1, 7, 1, 6, 6, 6, 4, 6, 2, 1, 6, 7, 6, 1, 2, 2, 3, 6, 7, 6, 7, 7, 2, 6, 7, 4, 7, 6, 1, 6, 7, 6, 7, 2, 7, 7, 6, 1, 7, 2, 2, 6, 6, 7, 2, 3, 7, 6, 7, 2, 6, 6, 5, 6, 6, 1, 7, 3, 6, 6, 3, 1, 3, 3, 1, 1, 6, 6, 7, 1, 7, 6, 4, 4, 1, 6, 7, 6, 7, 7, 7, 6, 6, 7, 1, 1, 1, 3, 1, 7, 7, 7, 1, 6, 6, 2, 4, 4, 2, 7, 5, 6, 6, 4, 7, 6, 7, 7, 7, 5, 2, 7, 7, 7, 1, 6, 3, 1, 3, 7, 7, 6, 6, 7, 6, 3, 7, 4, 5, 7, 6, 7, 3, 7, 6, 6, 6, 7, 6, 7, 5, 5, 7, 2, 6, 6, 7, 7, 5, 1, 4, 1, 4, 6, 7, 7, 7, 6, 6, 4, 1, 6, 1, 7, 7, 1, 7, 7, 6, 4, 1, 6, 1, 7, 4, 7, 6, 6, 1, 2, 7, 1, 6, 4, 3, 6, 6],[4172.166667,35936.286248,42405.545313,31.854792]
[1, 2, 3, 4, 5, 6, 7, 3, 3, 3, 3, 3, 3, 3, 3, 3, 3, 3, 3, 3, 3, 3, 3, 3, 3, 3, 3, 3, 3, 3, 3, 3, 3, 3, 3, 3, 3, 3, 3, 3, 3, 3, 3, 3, 3, 3, 3, 3, 3, 3, 3, 3, 3, 3, 3, 3, 3, 3, 3, 3, 3, 3, 3, 3, 3, 3, 3, 3, 3, 3, 3, 3, 3, 3, 3, 3, 3, 3, 3, 3, 3, 3, 3, 3, 3, 3, 3, 3, 3, 3, 3, 3, 3, 3, 3, 3, 3, 3, 3, 3, 3, 3, 3, 3, 3, 3, 3, 3, 3, 3, 6, 3, 3, 3, 3, 3, 3, 6, 6, 3, 3, 3, 3, 3, 3, 3, 6, 7, 3, 3, 3, 3, 6, 3, 3, 3, 3, 6, 7, 6, 3, 3, 3, 6, 6, 3, 3, 3, 3, 7, 3, 7, 3, 3, 3, 3, 3, 3, 6, 3, 3, 2, 3, 3, 3, 7, 7, 3, 3, 3, 3, 3, 3, 7, 6, 3, 3, 3, 3, 3, 3, 3, 3, 7, 3, 3, 3, 3, 3, 5, 3, 3, 3, 3, 3, 3, 3, 3, 3, 6, 6, 3, 3, 3, 3, 3, 3, 3, 3, 7, 6, 3, 3, 3, 3, 3, 3, 3, 3, 7, 3, 3, 3, 3, 3, 3, 3, 3, 3, 3, 3, 3, 3, 3, 3, 3, 3, 3, 3, 7, 3, 3, 3, 3, 3, 3, 3, 3, 3, 3, 3, 3, 3, 3, 3, 3, 3, 3, 3, 3, 3, 3, 3, 3, 3, 3, 3, 3, 3, 3, 3, 3, 3, 3, 3, 3, 7, 3, 3, 3, 3, 3, 3, 3, 3, 6, 3, 3, 3, 3, 3, 3, 3, 3, 3, 3, 3, 3, 3, 3, 3, 3, 3, 6, 3, 3, 3, 3, 3, 3, 3, 3, 3, 6, 3, 3, 3, 3, 3, 3, 3, 3, 3, 6, 3, 3, 3, 3, 3, 3, 3, 3, 3, 3, 3, 7, 3, 3, 3, 3, 3, 3, 3, 3, 3, 3, 3, 3, 3, 3, 3, 3, 3, 3, 3, 3, 3, 3, 3, 3, 6, 3, 3, 3, 3, 3, 3, 3, 6, 3, 3, 3, 3, 3, 3, 3, 3, 3, 3, 3, 3, 3, 6, 3, 3, 3, 3, 3, 3, 3, 3, 3, 3, 3, 6, 3, 3, 3, 3, 3, 3, 3, 3, 3, 3, 3, 6, 3, 3, 4, 3, 3, 3, 3, 3, 3, 3, 3, 3, 7, 3, 3, 7, 3, 3, 3, 3, 3, 3, 3, 3, 3, 3, 3, 3, 3, 7, 3, 3, 3, 3, 3, 3, 3, 3, 3, 3, 3, 3, 3, 3, 3, 3, 3, 3, 3, 3, 3, 3, 3, 3, 3, 3, 3, 7, 3, 3, 3, 3, 3, 3, 3, 3, 3, 3, 3, 3, 3, 3, 3, 3, 3, 3, 3, 3, 3, 3, 3, 3, 3, 3, 3, 3, 3, 3, 7, 3, 3, 3, 3, 3, 3, 3, 3, 3, 3, 7, 3, 3, 3, 6, 3, 3, 3, 3, 3, 3, 7, 3, 3, 3, 6, 3, 3, 3, 3, 3, 3, 3, 3, 3, 6, 3, 3, 3, 3, 3, 3, 3, 6, 6, 3, 3, 3, 3, 3, 3, 3, 3, 3, 6, 3, 3, 6, 3, 3, 3, 3, 3, 3, 3, 6, 6, 3, 3, 3, 3, 3, 3, 3, 3, 3, 7, 6, 6, 3, 6, 3, 3, 3, 7, 3, 3, 3, 6, 6, 6, 3, 3, 3, 3, 7, 3, 7, 3, 6, 3, 3, 3, 6, 7, 7, 7, 6, 3, 3, 6, 6, 3, 3, 7, 7, 7, 7, 7, 7, 6, 6, 3, 3, 3, 3, 6, 7, 7, 3, 7, 7, 7, 3, 6, 6, 3, 3, 6, 3, 3, 3, 7, 3, 3, 7, 7, 3, 3, 6, 6, 6, 6, 3, 3, 3, 7, 7, 6, 7, 3, 3, 3, 6, 6, 3, 3, 3, 7, 3, 6, 3, 3, 3, 3, 3, 3, 6, 6, 6, 7, 3, 7, 7, 7, 3, 3, 3, 6, 6, 6, 3, 7, 3, 3, 3, 3, 3, 3, 3, 3, 6, 6, 6, 7, 3, 3, 3, 3, 3, 3, 3, 3, 6, 6, 6, 7, 3, 3, 3, 3, 3, 3, 3, 1, 3, 6, 6, 3, 3, 3, 3, 6, 3, 3, 3, 3, 3, 3, 3, 3, 2, 3, 3, 3, 3, 3, 3, 3, 3, 3, 3, 3, 3, 3, 3, 3, 3, 3, 3, 3, 7, 3, 3, 3, 3, 3, 3, 3, 7, 7, 3, 3, 3, 3, 3, 3, 3, 3, 7, 7, 3, 3, 6, 3, 3, 3, 3, 3, 3, 3, 3, 3, 3, 7, 3, 3, 3, 3, 3, 7, 7, 3, 3, 3, 3, 3, 3, 3, 3, 3, 3, 7, 3, 3, 3, 3, 3, 3, 3, 3, 3, 3, 3, 3, 3, 3, 3, 3, 3, 3, 3, 3, 3, 3, 4, 3, 3, 3, 3, 3, 3, 3, 3, 3, 6, 6, 3, 3, 3, 3, 3, 3, 3, 3, 3, 6, 6, 3, 3, 3, 3, 3, 3, 3, 3, 6, 3, 3, 3, 3, 3, 3, 3, 3, 3, 3, 3, 6, 3, 3, 3, 3, 3, 3, 2, 3, 3, 6, 6, 3, 3, 3, 3, 3, 3, 3, 3, 3, 6, 6, 3, 3, 3, 3, 3, 3, 3, 3, 6, 3, 3, 3, 3, 3, 3, 7, 3, 3, 6, 3, 3, 3, 3, 3, 3, 3, 3, 3, 3, 3, 3, 3, 3, 3, 3, 3, 3, 6, 3, 3, 3, 3, 3, 3, 3, 3, 3, 3, 3, 3, 6, 3, 3, 3, 7, 3, 3, 6, 3, 3, 3, 3, 3, 3, 3, 3, 6, 6, 3, 6, 6, 3, 3, 3, 3, 3, 3, 6, 6, 6, 6, 6, 3, 3, 3, 3, 3, 6, 6, 6, 6, 6, 6, 3, 3, 3, 3, 6, 6, 6, 6, 6, 6, 6, 6, 3, 3, 3, 6, 6, 7, 6, 6, 6, 6, 3, 3, 3, 3, 6, 6, 3, 6, 6, 6, 6, 6, 6, 3, 3, 6, 6, 6, 3, 3, 3, 3, 6, 6, 3, 3, 3, 3, 3, 6, 2, 3, 6, 6, 3, 3, 3, 3, 3, 6, 6, 3, 3, 3, 6, 3, 3, 3, 3, 3, 6, 3, 3, 3, 6, 3, 3, 3, 3, 3, 6, 6, 6, 3, 7, 3, 6, 6, 3, 3, 3, 3, 3, 6, 3, 3, 3, 6, 6, 6, 3, 3, 3, 3, 6, 6, 6, 3, 3, 6, 6, 6, 3, 3, 3, 3, 6, 6, 3, 3, 3, 6, 6, 3, 3, 3, 3, 3, 3, 6, 6, 3, 3, 6, 6, 3, 3, 3, 3, 3, 3, 6, 6, 7, 6, 6, 6, 3, 3, 3, 3, 3, 6, 6, 7, 3, 6, 6, 3, 3, 3, 3, 7, 3, 6, 6, 3, 6, 6, 6, 3, 7, 3, 3, 6, 6, 6, 3, 6, 3, 3, 3, 3, 3, 6, 6, 6, 6, 3, 3, 3, 3, 3, 3, 7, 3, 6, 6, 6, 6, 3, 3, 3, 3, 3, 3, 3, 6, 6, 6, 6, 3, 3, 3, 3, 3, 3, 7, 3, 6, 6, 6, 3, 3, 3, 3, 3, 7, 3, 7, 6, 6, 3, 3, 3, 3, 3, 3, 7, 6, 3, 3, 3, 7, 3, 3, 3, 3, 3, 3],[864.083333,54625.772322,43737.870160,24.087819]
[3, 5, 3, 4, 5, 6, 7, 5, 1, 7, 5, 7, 3, 4, 7, 6, 2, 1, 1, 4, 3, 4, 1, 2, 1, 1, 6, 1, 7, 5, 1, 4, 5, 5, 7, 2, 1, 7, 7, 5, 3, 1, 6, 6, 1, 4, 7, 4, 2, 1, 3, 4, 7, 1, 7, 5, 4, 5, 3, 2, 6, 6, 2, 2, 6, 1, 5, 4, 2, 3, 3, 6, 4, 7, 4, 6, 3, 7, 6, 5, 1, 7, 4, 7, 2, 3, 5, 5, 7, 5, 7, 6, 6, 1, 2, 4, 2, 1, 5, 1, 5, 2, 7, 7, 4, 2, 1, 1, 7, 1, 7, 1, 7, 1, 3, 2, 6, 7, 7, 3, 2, 5, 5, 1, 6, 4, 6, 7, 6, 7, 2, 5, 7, 5, 3, 6, 3, 7, 7, 6, 3, 5, 6, 6, 6, 1, 5, 6, 5, 7, 7, 7, 4, 1, 5, 5, 1, 1, 7, 7, 1, 3, 1, 3, 2, 7, 7, 4, 4, 5, 4, 7, 3, 7, 6, 6, 6, 3, 5, 2, 5, 5, 3, 7, 7, 6, 7, 6, 3, 6, 6, 7, 6, 4, 3, 5, 5, 6, 7, 6, 7, 1, 3, 4, 4, 7, 1, 2, 4, 7, 7, 7, 5, 2, 2, 5, 1, 6, 1, 7, 2, 1, 7, 7, 7, 6, 7, 4, 1, 6, 5, 3, 3, 5, 7, 7, 7, 1, 3, 7, 1, 3, 6, 1, 6, 6, 3, 6, 5, 6, 7, 7, 7, 1, 2, 7, 4, 3, 4, 5, 7, 3, 4, 7, 3, 1, 4, 7, 3, 4, 2, 4, 5, 5, 1, 2, 7, 3, 4, 5, 5, 1, 7, 5, 6, 7, 2, 2, 6, 7, 1, 1, 7, 1, 7, 2, 5, 5, 4, 5, 4, 4, 3, 7, 6, 5, 3, 4, 2, 1, 1, 3, 4, 6, 3, 4, 6, 2, 6, 2, 4, 7, 2, 7, 2, 2, 3, 5, 5, 1, 4, 4, 6, 6, 7, 7, 6, 5, 3, 4, 1, 2, 6, 1, 2, 2, 7, 1, 7, 7, 5, 7, 3, 6, 6, 2, 3, 6, 2, 7, 3, 5, 7, 7, 2, 5, 2, 7, 7, 3, 5, 3, 4, 6, 4, 1, 1, 3, 4, 5, 2, 5, 7, 1, 3, 1, 3, 3, 3, 3, 3, 3, 3, 3, 6, 3, 3, 3, 3, 3, 3, 3, 3, 3, 3, 3, 6, 3, 3, 3, 3, 3, 3, 3, 3, 3, 3, 3, 3, 7, 3, 3, 7, 3, 3, 3, 3, 3, 3, 3, 3, 3, 3, 3, 3, 3, 7, 3, 3, 3, 3, 3, 3, 3, 3, 3, 3, 3, 3, 3, 3, 3, 3, 3, 3, 3, 3, 3, 3, 3, 3, 3, 3, 3, 7, 3, 3, 3, 3, 3, 3, 3, 3, 3, 6, 3, 3, 3, 3, 3, 3, 3, 3, 3, 3, 3, 3, 3, 3, 3, 3, 3, 3, 3, 3, 7, 3, 3, 3, 3, 3, 3, 3, 3, 3, 3, 7, 3, 3, 3, 6, 3, 3, 3, 3, 3, 3, 7, 3, 3, 3, 6, 3, 3, 3, 3, 3, 3, 3, 3, 3, 6, 3, 3, 3, 3, 3, 3, 3, 6, 6, 3, 3, 3, 3, 3, 3, 3, 3, 3, 6, 3, 3, 6, 3, 3, 3, 3, 3, 3, 3, 6, 6, 3, 3, 3, 3, 3, 3, 3, 3, 3, 7, 6, 6, 3, 6, 3, 3, 3, 7, 3, 2, 3, 6, 6, 6, 3, 3, 3, 3, 7, 3, 7, 3, 6, 3, 3, 3, 6, 7, 7, 7, 6, 3, 3, 6, 6, 3, 3, 7, 7, 7, 7, 7, 7, 6, 6, 3, 3, 3, 3, 6, 7, 7, 3, 7, 7, 7, 3, 6, 6, 3, 3, 6, 3, 3, 3, 7, 3, 3, 7, 7, 3, 3, 6, 6, 6, 6, 4, 3, 3, 7, 7, 6, 7, 3, 3, 3, 6, 6, 3, 3, 3, 7, 3, 6, 3, 3, 3, 3, 3, 3, 6, 6, 6, 7, 3, 7, 7, 7, 3, 3, 3, 6, 6, 6, 3, 7, 3, 3, 3, 3, 3, 5, 3, 3, 6, 6, 6, 7, 3, 3, 3, 3, 3, 3, 3, 3, 6, 6, 6, 7, 3, 3, 3, 3, 3, 3, 3, 3, 3, 6, 6, 3, 3, 3, 3, 6, 3, 3, 3, 3, 3, 3, 3, 3, 3, 3, 3, 3, 3, 3, 3, 3, 3, 3, 3, 3, 3, 3, 3, 3, 3, 3, 3, 3, 7, 3, 3, 3, 3, 3, 3, 3, 7, 7, 3, 3, 3, 3, 3, 3, 3, 3, 7, 7, 3, 3, 6, 3, 3, 3, 3, 3, 3, 1, 3, 3, 3, 7, 3, 3, 3, 3, 3, 7, 7, 3, 3, 3, 3, 3, 3, 3, 3, 3, 3, 7, 3, 3, 3, 3, 3, 3, 3, 3, 3, 3, 3, 3, 3, 3, 3, 3, 3, 3, 3, 3, 3, 3, 3, 3, 3, 3, 3, 3, 3, 3, 3, 3, 6, 6, 3, 3, 3, 3, 3, 3, 3, 3, 3, 6, 6, 3, 3, 3, 3, 3, 3, 3, 3, 6, 3, 3, 3, 3, 3, 3, 3, 3, 3, 3, 3, 6, 3, 3, 3, 3, 3, 3, 3, 3, 3, 6, 6, 3, 3, 3, 3, 5, 3, 3, 3, 3, 6, 6, 3, 3, 3, 3, 3, 3, 3, 3, 6, 3, 3, 3, 3, 3, 3, 7, 3, 3, 6, 3, 3, 3, 3, 3, 3, 3, 3, 3, 3, 3, 3, 3, 3, 3, 3, 3, 3, 7, 3, 3, 3, 3, 3, 3, 3, 3, 3, 3, 3, 3, 6, 3, 3, 3, 7, 3, 3, 6, 3, 3, 3, 3, 3, 3, 3, 3, 6, 6, 3, 6, 6, 3, 3, 3, 3, 3, 3, 6, 6, 6, 6, 6, 3, 3, 3, 3, 3, 6, 6, 6, 6, 6, 6, 3, 3, 3, 3, 3, 6, 6, 6, 6, 6, 6, 6, 3, 3, 3, 6, 6, 7, 6, 6, 6, 6, 3, 3, 3, 3, 6, 6, 3, 6, 6, 6, 6, 6, 6, 3, 3, 6, 6, 6, 3, 3, 3, 3, 6, 6, 3, 3, 3, 3, 3, 6, 3, 3, 6, 6, 3, 3, 3, 3, 3, 6, 6, 3, 3, 3, 6, 3, 3, 3, 3, 3, 6, 3, 3, 3, 6, 3, 3, 3, 3, 3, 6, 6, 6, 3, 7, 3, 6, 6, 3, 3, 3, 3, 3, 6, 3, 3, 3, 6, 6, 6, 3, 3, 3, 3, 6, 6, 6, 3, 3, 6, 6, 6, 3, 3, 3, 3, 6, 6, 3, 3, 3, 6, 6, 3, 3, 3, 3, 3, 3, 6, 6, 3, 3, 6, 6, 3, 3, 3, 3, 3, 3, 6, 6, 7, 6, 6, 6, 3, 3, 3, 3, 3, 6, 6, 7, 3, 6, 6, 3, 3, 3, 3, 7, 3, 6, 6, 3, 6, 6, 6, 3, 7, 3, 3, 6, 6, 6, 3, 6, 3, 3, 3, 3, 3, 6, 6, 6, 6, 3, 3, 3, 3, 3, 3, 7, 3, 6, 6, 6, 6, 3, 3, 3, 3, 3, 3, 3, 6, 6, 6, 6, 3, 3, 3, 3, 3, 3, 7, 3, 6, 6, 6, 3, 3, 3, 3, 3, 7, 3, 7, 6, 6, 3, 3, 3, 3, 3, 3, 7, 6, 3, 3, 3, 7, 3, 3, 3, 1, 3, 3],[1891.516667,47485.378162,43308.308905,27.493611]
[1, 2, 3, 4, 5, 6, 7, 3, 3, 3, 3, 3, 3, 3, 3, 3, 3, 3, 3, 3, 3, 3, 3, 3, 3, 3, 3, 3, 3, 3, 3, 3, 3, 3, 3, 3, 3, 3, 3, 3, 3, 3, 3, 3, 3, 3, 3, 3, 3, 3, 3, 3, 3, 3, 3, 3, 3, 3, 3, 3, 3, 3, 3, 3, 3, 3, 3, 3, 3, 3, 3, 3, 3, 3, 3, 3, 3, 3, 4, 3, 3, 3, 3, 3, 3, 3, 6, 3, 3, 3, 3, 3, 3, 3, 3, 3, 3, 3, 3, 3, 3, 3, 3, 3, 3, 3, 3, 3, 3, 3, 6, 3, 3, 3, 3, 3, 3, 6, 7, 3, 3, 3, 3, 3, 3, 3, 6, 7, 3, 3, 3, 3, 6, 3, 3, 3, 3, 6, 7, 6, 3, 3, 3, 6, 6, 3, 3, 3, 3, 7, 3, 7, 3, 3, 3, 3, 3, 3, 6, 3, 3, 3, 3, 3, 3, 7, 7, 3, 3, 3, 3, 3, 3, 7, 6, 3, 3, 3, 3, 3, 3, 3, 3, 7, 3, 3, 3, 3, 3, 3, 3, 3, 3, 3, 3, 3, 3, 3, 3, 6, 6, 3, 3, 3, 3, 3, 3, 3, 3, 7, 6, 3, 3, 3, 3, 5, 3, 3, 3, 7, 3, 3, 3, 3, 3, 3, 3, 3, 3, 3, 3, 3, 3, 3, 3, 3, 3, 3, 3, 7, 3, 3, 3, 3, 3, 3, 3, 3, 3, 3, 3, 3, 3, 3, 3, 3, 3, 3, 3, 3, 3, 3, 3, 3, 3, 3, 3, 3, 3, 3, 3, 3, 3, 3, 3, 3, 7, 3, 3, 3, 3, 3, 3, 3, 3, 6, 3, 3, 3, 3, 3, 3, 3, 3, 2, 3, 3, 3, 3, 1, 3, 3, 3, 6, 3, 3, 3, 3, 3, 3, 3, 3, 3, 6, 3, 3, 3, 3, 3, 3, 3, 3, 3, 6, 3, 3, 3, 3, 3, 3, 3, 3, 3, 3, 3, 7, 3, 3, 3, 3, 3, 3, 3, 3, 3, 3, 3, 3, 3, 3, 3, 3, 3, 3, 3, 3, 3, 3, 3, 3, 3, 3, 3, 3, 3, 3, 3, 3, 6, 3, 3, 3, 3, 3, 3, 3, 3, 3, 3, 3, 3, 3, 6, 3, 3, 3, 6, 2, 3, 7, 5, 6, 4, 3, 6, 4, 2, 3, 4, 4, 2, 6, 2, 3, 4, 2, 7, 1, 3, 2, 2, 7, 3, 6, 6, 6, 4, 3, 7, 7, 7, 3, 7, 2, 7, 3, 7, 4, 1, 6, 6, 1, 6, 4, 5, 4, 7, 1, 6, 2, 5, 6, 3, 6, 3, 4, 7, 5, 4, 1, 6, 7, 2, 7, 6, 6, 4, 4, 4, 5, 6, 5, 7, 4, 7, 5, 4, 5, 2, 4, 2, 2, 3, 7, 7, 4, 1, 2, 3, 5, 6, 4, 4, 6, 2, 2, 4, 7, 3, 6, 3, 7, 1, 4, 3, 7, 3, 3, 2, 6, 6, 5, 7, 3, 1, 2, 7, 1, 7, 1, 6, 1, 4, 6, 5, 6, 1, 7, 7, 4, 6, 6, 1, 7, 1, 7, 2, 7, 2, 4, 5, 6, 5, 7, 3, 4, 5, 7, 1, 7, 6, 6, 3, 6, 6, 7, 4, 4, 2, 6, 7, 3, 5, 7, 4, 4, 1, 3, 5, 4, 1, 7, 6, 5, 4, 4, 7, 4, 5, 7, 2, 4, 7, 6, 6, 1, 7, 7, 2, 5, 7, 4, 7, 1, 6, 6, 7, 2, 3, 4, 1, 7, 4, 7, 7, 7, 6, 7, 5, 7, 7, 7, 7, 6, 4, 5, 6, 7, 2, 3, 7, 7, 7, 7, 7, 7, 7, 7, 5, 1, 4, 7, 6, 7, 7, 7, 7, 7, 7, 4, 6, 6, 3, 5, 7, 4, 3, 1, 7, 7, 4, 7, 7, 1, 5, 7, 6, 7, 6, 4, 6, 1, 7, 7, 6, 7, 2, 4, 7, 6, 6, 4, 3, 6, 7, 6, 7, 2, 6, 6, 3, 3, 2, 6, 6, 6, 7, 2, 7, 7, 7, 2, 6, 4, 6, 7, 6, 1, 7, 5, 3, 3, 6, 6, 1, 2, 1, 6, 7, 6, 7, 7, 7, 3, 5, 5, 1, 4, 6, 7, 7, 6, 7, 3, 1, 3, 7, 2, 2, 1, 6, 5, 7, 6, 2, 6, 4, 2, 7, 4, 4, 4, 6, 4, 3, 4, 5, 7, 3, 4, 4, 4, 3, 2, 4, 4, 2, 3, 3, 1, 1, 7, 6, 1, 7, 4, 6, 7, 3, 3, 7, 6, 2, 4, 5, 7, 7, 6, 1, 6, 7, 2, 3, 7, 4, 7, 7, 1, 7, 6, 5, 3, 1, 4, 7, 1, 1, 1, 4, 3, 7, 2, 7, 5, 6, 4, 7, 7, 2, 1, 3, 2, 2, 4, 5, 4, 2, 5, 7, 3, 7, 5, 1, 1, 5, 5, 5, 6, 2, 6, 7, 7, 2, 5, 4, 5, 1, 7, 3, 3, 2, 3, 2, 7, 6, 1, 6, 5, 6, 7, 3, 7, 6, 1, 1, 1, 7, 1, 7, 3, 1, 1, 6, 6, 5, 3, 5, 4, 7, 3, 2, 2, 6, 1, 7, 7, 1, 5, 2, 4, 2, 7, 7, 2, 6, 1, 6, 4, 6, 1, 4, 2, 5, 4, 6, 6, 6, 1, 6, 3, 5, 5, 1, 1, 3, 7, 6, 7, 7, 3, 6, 2, 4, 6, 4, 6, 3, 1, 3, 7, 6, 2, 7, 2, 3, 7, 3, 4, 2, 7, 7, 5, 5, 2, 3, 4, 5, 6, 5, 1, 7, 3, 7, 5, 7, 1, 2, 7, 6, 7, 2, 7, 2, 3, 1, 3, 7, 6, 2, 2, 1, 7, 4, 5, 7, 4, 7, 7, 7, 6, 5, 7, 5, 7, 7, 1, 6, 6, 6, 3, 5, 2, 6, 1, 6, 7, 6, 7, 7, 3, 1, 7, 3, 2, 7, 6, 6, 7, 7, 6, 4, 3, 5, 7, 7, 7, 6, 6, 7, 6, 7, 6, 7, 3, 3, 6, 7, 7, 7, 7, 7, 6, 5, 3, 4, 4, 6, 6, 1, 7, 7, 7, 6, 6, 7, 4, 3, 6, 6, 7, 6, 1, 1, 1, 7, 7, 5, 7, 5, 5, 1, 6, 5, 6, 6, 6, 4, 5, 2, 3, 2, 7, 7, 3, 6, 1, 7, 1, 6, 6, 6, 4, 6, 2, 1, 6, 7, 6, 1, 2, 2, 3, 6, 7, 6, 7, 7, 2, 6, 7, 4, 7, 6, 1, 6, 7, 6, 7, 2, 7, 7, 6, 1, 7, 2, 2, 6, 6, 7, 2, 3, 7, 6, 7, 2, 6, 6, 5, 6, 6, 1, 7, 3, 6, 6, 3, 1, 3, 3, 1, 1, 6, 6, 7, 1, 7, 6, 4, 4, 1, 6, 7, 6, 7, 7, 7, 6, 6, 7, 1, 1, 3, 3, 1, 7, 7, 7, 1, 6, 6, 2, 4, 4, 2, 7, 5, 6, 6, 4, 7, 6, 7, 7, 7, 5, 2, 7, 7, 7, 1, 6, 3, 1, 3, 7, 4, 6, 6, 7, 6, 3, 1, 4, 5, 7, 6, 7, 3, 7, 6, 6, 6, 7, 6, 7, 5, 4, 7, 2, 6, 6, 7, 7, 5, 1, 4, 1, 4, 6, 7, 7, 7, 6, 6, 4, 1, 7, 1, 7, 7, 1, 7, 7, 6, 4, 3, 6, 1, 7, 4, 7, 6, 6, 1, 2, 7, 1, 6, 4, 3, 6, 6],[3388.050000,41906.333182,42759.129546,30.531020]
[3, 5, 3, 4, 5, 6, 7, 5, 1, 7, 5, 7, 3, 4, 7, 6, 2, 1, 1, 4, 3, 4, 1, 2, 1, 1, 6, 1, 7, 5, 1, 4, 5, 5, 7, 2, 1, 7, 7, 5, 3, 1, 6, 6, 1, 4, 7, 4, 2, 1, 3, 4, 7, 1, 7, 5, 4, 5, 3, 2, 6, 6, 2, 2, 6, 1, 5, 4, 2, 3, 3, 6, 4, 7, 4, 6, 3, 7, 6, 5, 1, 7, 4, 7, 2, 3, 5, 5, 7, 5, 7, 6, 6, 1, 2, 4, 2, 1, 5, 1, 5, 2, 7, 7, 4, 2, 1, 1, 7, 1, 7, 1, 7, 1, 3, 2, 6, 7, 7, 3, 2, 5, 5, 1, 6, 4, 6, 7, 6, 7, 2, 5, 7, 5, 3, 6, 3, 7, 7, 6, 3, 5, 6, 6, 6, 1, 5, 6, 5, 7, 7, 7, 4, 1, 5, 5, 1, 1, 7, 7, 1, 3, 1, 3, 2, 7, 7, 4, 4, 5, 4, 7, 3, 7, 6, 6, 6, 3, 5, 2, 5, 7, 3, 7, 7, 6, 7, 6, 3, 6, 6, 7, 6, 4, 3, 5, 5, 6, 7, 6, 7, 1, 3, 4, 4, 7, 1, 2, 6, 7, 7, 2, 5, 2, 1, 4, 7, 6, 7, 7, 3, 3, 3, 1, 6, 1, 7, 7, 6, 1, 2, 6, 3, 2, 6, 3, 2, 7, 6, 7, 2, 6, 6, 6, 5, 4, 3, 2, 7, 2, 6, 1, 2, 5, 6, 5, 7, 6, 6, 5, 1, 2, 1, 1, 4, 5, 2, 2, 7, 5, 1, 2, 6, 5, 5, 5, 7, 7, 6, 6, 2, 7, 6, 5, 3, 7, 6, 2, 6, 1, 7, 5, 2, 7, 1, 2, 5, 6, 2, 5, 5, 7, 6, 6, 4, 2, 5, 2, 5, 2, 3, 2, 7, 7, 5, 1, 2, 3, 4, 4, 5, 5, 7, 6, 1, 7, 3, 7, 7, 5, 1, 1, 1, 3, 5, 7, 2, 4, 2, 6, 4, 4, 1, 7, 4, 7, 7, 3, 7, 6, 6, 4, 6, 3, 7, 4, 2, 3, 2, 6, 3, 2, 4, 5, 4, 2, 7, 5, 7, 1, 4, 6, 2, 2, 6, 7, 6, 2, 5, 4, 1, 5, 7, 3, 5, 6, 4, 6, 1, 2, 2, 2, 5, 7, 7, 7, 2, 1, 1, 6, 7, 7, 7, 2, 6, 4, 6, 1, 4, 3, 7, 3, 6, 7, 3, 4, 1, 1, 6, 7, 7, 6, 7, 4, 6, 7, 1, 3, 1, 6, 2, 4, 3, 1, 6, 4, 7, 1, 6, 3, 5, 6, 5, 2, 5, 1, 1, 7, 5, 1, 3, 7, 2, 5, 1, 7, 1, 4, 5, 7, 5, 7, 5, 6, 7, 6, 4, 2, 4, 4, 5, 7, 3, 6, 7, 4, 1, 2, 3, 5, 6, 4, 4, 6, 2, 2, 4, 7, 3, 6, 3, 7, 1, 4, 3, 7, 3, 3, 2, 6, 6, 5, 7, 3, 1, 2, 7, 1, 7, 1, 6, 1, 4, 6, 5, 6, 1, 7, 7, 4, 6, 6, 1, 7, 1, 7, 2, 7, 2, 4, 5, 6, 5, 7, 3, 4, 5, 7, 1, 7, 6, 6, 3, 6, 6, 7, 4, 4, 2, 6, 7, 3, 5, 7, 4, 4, 1, 3, 5, 4, 1, 6, 6, 5, 4, 4, 7, 4, 5, 7, 2, 4, 7, 6, 6, 1, 7, 7, 2, 5, 7, 4, 7, 1, 6, 6, 7, 2, 3, 4, 1, 7, 4, 7, 7, 7, 6, 7, 5, 7, 7, 7, 7, 6, 4, 5, 6, 7, 2, 3, 7, 7, 7, 7, 7, 7, 7, 7, 5, 1, 5, 7, 6, 7, 7, 7, 7, 7, 7, 4, 6, 6, 3, 5, 7, 4, 3, 1, 7, 7, 4, 7, 7, 1, 5, 7, 6, 7, 6, 4, 6, 1, 7, 7, 6, 7, 2, 4, 7, 6, 6, 4, 3, 2, 7, 6, 7, 7, 6, 6, 3, 3, 2, 6, 6, 6, 7, 6, 7, 7, 7, 2, 6, 4, 6, 7, 6, 1, 7, 5, 3, 3, 6, 6, 1, 2, 1, 6, 7, 6, 7, 7, 7, 3, 5, 5, 1, 4, 6, 7, 7, 6, 7, 3, 1, 3, 7, 2, 2, 1, 6, 5, 7, 6, 2, 6, 4, 2, 7, 4, 4, 4, 6, 4, 3, 4, 5, 7, 2, 4, 4, 4, 3, 2, 4, 4, 2, 3, 3, 1, 1, 7, 6, 1, 7, 4, 6, 7, 3, 3, 7, 6, 2, 4, 5, 7, 7, 6, 1, 6, 7, 2, 3, 7, 4, 7, 7, 1, 7, 6, 5, 3, 1, 4, 7, 1, 1, 1, 4, 3, 7, 2, 7, 5, 6, 4, 7, 7, 2, 1, 3, 2, 7, 4, 5, 4, 2, 5, 7, 3, 7, 5, 1, 1, 5, 5, 5, 6, 2, 6, 7, 7, 2, 5, 4, 5, 1, 7, 3, 3, 2, 3, 2, 7, 6, 1, 6, 5, 6, 7, 3, 7, 6, 1, 1, 1, 7, 1, 2, 3, 1, 1, 6, 6, 5, 3, 5, 4, 7, 3, 2, 2, 6, 1, 7, 7, 1, 5, 2, 4, 2, 7, 7, 2, 6, 1, 6, 4, 6, 1, 4, 2, 5, 4, 6, 6, 6, 1, 6, 3, 5, 5, 1, 1, 3, 7, 6, 7, 7, 3, 6, 2, 4, 6, 4, 6, 3, 1, 3, 7, 6, 2, 7, 2, 3, 7, 3, 4, 2, 7, 7, 5, 5, 2, 3, 4, 5, 6, 5, 1, 7, 3, 7, 5, 7, 1, 2, 7, 6, 7, 2, 7, 2, 3, 1, 3, 7, 6, 6, 2, 1, 7, 4, 5, 7, 4, 7, 7, 7, 6, 5, 7, 5, 7, 7, 1, 6, 6, 6, 3, 5, 2, 6, 1, 6, 7, 6, 7, 7, 3, 1, 7, 3, 2, 7, 6, 6, 7, 7, 6, 4, 3, 5, 7, 7, 7, 6, 6, 7, 6, 7, 6, 7, 3, 3, 6, 7, 7, 7, 7, 7, 6, 5, 3, 4, 4, 6, 6, 1, 7, 7, 7, 7, 6, 7, 4, 3, 6, 6, 7, 6, 1, 1, 1, 7, 7, 5, 7, 5, 5, 1, 6, 5, 6, 6, 6, 4, 5, 2, 3, 2, 7, 7, 3, 6, 1, 7, 1, 6, 6, 6, 2, 6, 2, 1, 6, 7, 6, 1, 2, 2, 3, 6, 7, 6, 7, 7, 2, 6, 7, 4, 7, 6, 1, 6, 7, 6, 7, 2, 7, 7, 6, 1, 7, 2, 2, 6, 6, 7, 2, 3, 7, 6, 7, 2, 6, 6, 5, 6, 6, 1, 7, 3, 6, 6, 3, 1, 3, 3, 1, 1, 7, 6, 7, 1, 7, 6, 4, 4, 1, 6, 7, 6, 7, 7, 7, 6, 6, 7, 1, 1, 3, 3, 1, 7, 7, 7, 1, 6, 6, 2, 4, 4, 2, 7, 5, 6, 6, 4, 7, 6, 7, 7, 7, 5, 2, 7, 7, 7, 1, 6, 3, 1, 3, 7, 7, 6, 6, 7, 6, 3, 1, 4, 5, 7, 6, 7, 3, 7, 6, 6, 6, 7, 6, 4, 5, 4, 7, 2, 6, 6, 7, 7, 5, 1, 4, 1, 4, 6, 7, 7, 7, 7, 6, 4, 1, 6, 1, 7, 7, 1, 7, 7, 6, 4, 3, 6, 1, 7, 4, 7, 6, 6, 1, 2, 7, 1, 6, 5, 3, 6, 6],[4494.466667,33850.608203,42341.675563,32.115736]
[1, 2, 3, 4, 5, 6, 7, 3, 3, 3, 3, 3, 3, 3, 3, 3, 3, 3, 3, 3, 3, 3, 3, 3, 3, 3, 3, 3, 3, 3, 3, 3, 3, 3, 3, 3, 3, 3, 3, 3, 3, 3, 3, 3, 3, 4, 3, 3, 3, 3, 3, 3, 3, 3, 3, 3, 3, 3, 3, 3, 3, 3, 3, 3, 3, 3, 3, 3, 3, 3, 3, 3, 3, 3, 3, 3, 3, 3, 3, 3, 3, 3, 3, 3, 3, 3, 3, 3, 3, 3, 3, 3, 3, 3, 3, 3, 3, 3, 3, 3, 3, 3, 3, 3, 3, 3, 3, 3, 3, 3, 6, 3, 3, 3, 3, 3, 3, 6, 6, 3, 3, 3, 3, 3, 3, 3, 6, 7, 3, 3, 3, 3, 6, 3, 3, 3, 3, 6, 7, 6, 3, 3, 3, 6, 6, 3, 3, 3, 3, 7, 3, 7, 3, 3, 3, 3, 3, 3, 6, 3, 3, 3, 3, 3, 3, 7, 7, 3, 3, 3, 3, 3, 3, 7, 6, 3, 3, 3, 3, 3, 3, 3, 3, 7, 3, 3, 3, 3, 3, 3, 3, 3, 3, 3, 3, 3, 3, 3, 3, 6, 6, 3, 3, 3, 3, 3, 3, 3, 3, 7, 6, 3, 3, 3, 3, 3, 3, 3, 3, 7, 3, 3, 3, 3, 3, 3, 3, 3, 3, 3, 3, 3, 3, 3, 3, 3, 3, 3, 3, 7, 3, 3, 3, 3, 3, 3, 3, 3, 3, 3, 3, 3, 3, 3, 3, 3, 3, 3, 3, 3, 3, 3, 3, 3, 3, 3, 3, 3, 3, 3, 3, 3, 3, 3, 3, 3, 7, 3, 3, 3, 3, 3, 3, 3, 3, 6, 3, 3, 3, 3, 1, 3, 3, 3, 3, 3, 3, 3, 3, 3, 3, 3, 3, 6, 3, 3, 3, 3, 3, 3, 3, 3, 3, 6, 3, 3, 3, 3, 2, 3, 3, 3, 3, 6, 3, 3, 3, 3, 3, 3, 3, 3, 3, 3, 3, 7, 3, 6, 3, 3, 3, 3, 3, 3, 3, 3, 3, 3, 3, 3, 3, 3, 3, 3, 3, 3, 3, 3, 3, 3, 3, 3, 3, 3, 3, 3, 3, 3, 6, 3, 3, 3, 3, 3, 3, 3, 3, 3, 3, 3, 3, 3, 6, 3, 3, 3, 3, 3, 3, 3, 3, 3, 3, 3, 6, 3, 3, 3, 3, 3, 3, 3, 3, 3, 3, 3, 6, 3, 3, 3, 3, 3, 3, 3, 3, 3, 3, 3, 3, 7, 3, 3, 7, 3, 3, 3, 3, 3, 3, 3, 3, 3, 3, 3, 3, 3, 7, 3, 3, 3, 3, 3, 3, 3, 3, 3, 3, 3, 3, 3, 3, 3, 3, 3, 3, 1, 3, 3, 3, 3, 3, 3, 3, 3, 7, 3, 3, 3, 3, 3, 3, 3, 3, 3, 3, 3, 3, 3, 3, 3, 3, 3, 3, 3, 3, 3, 3, 3, 3, 3, 3, 3, 3, 3, 3, 7, 3, 3, 3, 3, 2, 3, 3, 3, 3, 3, 7, 3, 3, 3, 6, 3, 3, 3, 3, 3, 3, 7, 3, 3, 3, 6, 3, 3, 3, 3, 3, 3, 3, 3, 3, 6, 3, 3, 3, 3, 3, 3, 3, 6, 6, 3, 3, 3, 3, 3, 3, 3, 3, 3, 6, 3, 3, 6, 3, 3, 3, 3, 3, 3, 3, 6, 6, 3, 3, 3, 3, 3, 3, 3, 3, 3, 7, 6, 6, 3, 6, 3, 3, 3, 7, 3, 3, 3, 6, 6, 6, 3, 3, 3, 3, 7, 3, 7, 3, 6, 3, 3, 3, 6, 7, 7, 7, 6, 3, 3, 6, 6, 3, 3, 7, 7, 7, 7, 7, 7, 6, 6, 3, 3, 3, 3, 6, 7, 7, 3, 7, 7, 7, 3, 6, 6, 3, 3, 6, 3, 3, 3, 7, 3, 3, 7, 7, 3, 3, 6, 6, 6, 6, 3, 3, 3, 7, 7, 6, 7, 3, 3, 3, 6, 6, 3, 3, 3, 7, 3, 6, 3, 3, 3, 3, 3, 3, 6, 6, 6, 7, 3, 7, 7, 7, 3, 3, 3, 6, 6, 6, 3, 7, 3, 3, 3, 3, 3, 3, 3, 3, 6, 6, 6, 7, 3, 3, 3, 3, 3, 3, 3, 3, 6, 6, 6, 7, 3, 3, 3, 3, 3, 3, 3, 3, 3, 6, 6, 3, 3, 3, 3, 6, 3, 3, 3, 3, 3, 3, 3, 3, 3, 3, 3, 3, 3, 3, 3, 3, 3, 3, 3, 3, 3, 3, 3, 3, 3, 3, 3, 3, 7, 3, 3, 3, 3, 3, 3, 3, 7, 7, 3, 3, 3, 3, 3, 3, 3, 3, 7, 7, 3, 3, 6, 3, 3, 3, 3, 3, 3, 3, 3, 3, 3, 7, 3, 3, 3, 3, 3, 7, 7, 3, 3, 3, 3, 3, 3, 3, 3, 3, 3, 7, 3, 3, 3, 3, 3, 3, 3, 3, 3, 3, 3, 3, 3, 3, 3, 3, 3, 3, 3, 3, 3, 3, 3, 3, 3, 3, 3, 3, 3, 3, 3, 3, 6, 6, 3, 3, 3, 3, 3, 3, 3, 3, 3, 6, 6, 3, 3, 3, 3, 3, 3, 3, 3, 6, 3, 3, 3, 3, 3, 3, 3, 3, 3, 3, 3, 6, 3, 3, 3, 3, 3, 3, 3, 3, 3, 6, 6, 3, 3, 3, 3, 3, 3, 3, 3, 3, 6, 6, 3, 3, 3, 3, 3, 3, 3, 3, 6, 3, 3, 3, 3, 3, 3, 7, 3, 3, 6, 3, 3, 3, 3, 3, 3, 3, 3, 3, 3, 3, 3, 3, 3, 3, 3, 3, 3, 6, 3, 3, 3, 3, 3, 3, 3, 3, 3, 3, 3, 3, 6, 3, 3, 3, 7, 3, 3, 6, 3, 3, 3, 3, 3, 3, 3, 3, 6, 6, 3, 6, 6, 3, 3, 3, 3, 3, 3, 6, 6, 6, 6, 6, 3, 3, 3, 3, 3, 6, 6, 6, 6, 6, 6, 3, 3, 3, 3, 3, 6, 6, 6, 6, 6, 6, 6, 3, 3, 3, 6, 6, 7, 6, 6, 6, 6, 3, 3, 3, 3, 6, 6, 3, 6, 6, 6, 6, 6, 6, 3, 3, 6, 6, 6, 3, 3, 3, 3, 6, 6, 3, 3, 3, 3, 3, 6, 3, 3, 6, 6, 3, 3, 3, 3, 3, 6, 6, 3, 3, 3, 6, 3, 3, 3, 3, 3, 7, 3, 3, 3, 6, 3, 3, 3, 3, 3, 6, 6, 6, 3, 7, 3, 6, 6, 3, 3, 3, 3, 3, 6, 3, 3, 3, 6, 6, 6, 3, 3, 3, 3, 6, 6, 6, 3, 3, 6, 6, 6, 3, 3, 3, 3, 6, 6, 3, 3, 3, 6, 6, 3, 3, 3, 1, 3, 3, 6, 6, 3, 3, 6, 6, 3, 3, 3, 3, 3, 3, 6, 6, 7, 6, 6, 6, 3, 3, 3, 3, 3, 6, 6, 7, 3, 6, 6, 3, 3, 3, 3, 7, 3, 6, 6, 3, 6, 6, 6, 3, 7, 3, 3, 6, 6, 6, 3, 6, 3, 3, 3, 3, 3, 6, 6, 6, 6, 3, 3, 3, 3, 3, 3, 7, 3, 6, 6, 6, 6, 3, 3, 3, 3, 3, 3, 3, 6, 6, 6, 6, 3, 3, 3, 3, 3, 3, 7, 3, 6, 6, 6, 3, 3, 3, 3, 3, 7, 3, 7, 6, 6, 3, 3, 3, 3, 3, 3, 7, 6, 3, 3, 3, 7, 3, 3, 3, 3, 3, 3],[883.833333,54596.741417,43738.124565,24.146935]
[1, 3, 5, 2, 6, 7, 7, 7, 4, 1, 4, 7, 2, 1, 6, 5, 4, 2, 5, 2, 7, 4, 5, 2, 3, 3, 2, 3, 7, 1, 2, 2, 3, 1, 3, 6, 1, 6, 4, 3, 6, 7, 7, 2, 7, 5, 2, 6, 6, 2, 1, 5, 2, 4, 1, 2, 7, 3, 3, 1, 3, 7, 1, 7, 2, 6, 6, 5, 5, 3, 4, 1, 1, 2, 2, 4, 6, 4, 3, 4, 1, 1, 7, 3, 5, 6, 4, 6, 7, 2, 6, 3, 7, 7, 1, 4, 5, 6, 1, 3, 5, 7, 3, 1, 3, 7, 4, 2, 6, 3, 7, 7, 5, 2, 2, 5, 2, 7, 6, 5, 7, 3, 2, 4, 7, 3, 6, 7, 7, 1, 5, 3, 7, 4, 3, 4, 1, 6, 7, 7, 7, 7, 6, 6, 7, 4, 5, 4, 1, 7, 3, 7, 5, 7, 4, 5, 1, 5, 7, 5, 4, 4, 3, 3, 1, 7, 7, 3, 2, 1, 5, 1, 5, 7, 7, 7, 5, 4, 7, 7, 4, 5, 3, 7, 5, 4, 2, 7, 4, 5, 7, 5, 4, 7, 1, 3, 7, 2, 5, 7, 7, 7, 6, 3, 4, 7, 2, 6, 6, 7, 7, 2, 5, 2, 1, 4, 7, 6, 7, 7, 3, 3, 3, 1, 6, 1, 7, 7, 6, 1, 2, 6, 3, 2, 6, 3, 2, 7, 6, 7, 2, 6, 6, 6, 5, 4, 3, 2, 7, 2, 6, 1, 2, 5, 6, 5, 7, 6, 6, 5, 1, 2, 1, 1, 4, 5, 2, 7, 7, 5, 1, 2, 6, 5, 5, 5, 7, 7, 6, 6, 2, 7, 6, 5, 3, 7, 6, 2, 6, 1, 7, 5, 2, 7, 1, 2, 5, 6, 2, 5, 5, 7, 6, 6, 4, 2, 5, 2, 5, 2, 3, 2, 7, 7, 5, 1, 2, 3, 4, 4, 5, 5, 7, 6, 1, 7, 3, 7, 7, 5, 2, 1, 1, 3, 5, 7, 2, 4, 2, 6, 4, 4, 1, 7, 4, 7, 7, 3, 7, 6, 6, 4, 6, 3, 7, 4, 2, 3, 2, 6, 3, 2, 4, 5, 4, 2, 7, 5, 7, 1, 4, 6, 2, 2, 6, 7, 6, 2, 5, 4, 1, 5, 6, 3, 5, 6, 4, 6, 1, 2, 2, 2, 5, 7, 7, 7, 2, 1, 1, 6, 7, 7, 7, 2, 6, 4, 6, 1, 4, 3, 7, 3, 6, 6, 3, 4, 1, 1, 6, 7, 7, 6, 7, 4, 6, 7, 1, 3, 1, 6, 2, 4, 3, 1, 6, 4, 7, 1, 6, 3, 5, 6, 5, 2, 5, 1, 1, 7, 5, 1, 3, 7, 2, 5, 1, 7, 1, 4, 5, 7, 5, 7, 5, 6, 7, 6, 4, 2, 4, 4, 5, 7, 3, 6, 7, 4, 1, 2, 3, 5, 6, 4, 4, 6, 2, 2, 4, 7, 3, 6, 3, 7, 1, 4, 3, 7, 3, 3, 2, 6, 6, 5, 7, 3, 1, 2, 7, 1, 7, 1, 6, 1, 4, 6, 5, 6, 1, 7, 7, 4, 6, 6, 1, 7, 1, 7, 2, 7, 2, 4, 5, 6, 5, 7, 3, 4, 5, 7, 1, 7, 6, 6, 3, 6, 6, 7, 4, 4, 2, 6, 7, 3, 5, 7, 4, 4, 1, 3, 5, 4, 1, 7, 6, 5, 4, 4, 7, 4, 5, 7, 2, 4, 7, 6, 6, 1, 7, 7, 2, 5, 7, 4, 7, 1, 6, 6, 7, 2, 3, 4, 1, 7, 4, 7, 7, 7, 6, 7, 5, 7, 7, 7, 7, 6, 4, 5, 6, 7, 2, 3, 7, 7, 7, 7, 7, 7, 7, 7, 5, 1, 5, 7, 6, 7, 7, 7, 7, 7, 7, 4, 6, 6, 3, 5, 7, 4, 3, 1, 7, 7, 4, 7, 7, 1, 5, 7, 6, 7, 6, 4, 6, 1, 7, 7, 6, 7, 2, 4, 7, 6, 6, 4, 3, 2, 7, 6, 7, 7, 6, 6, 3, 3, 2, 6, 6, 6, 7, 6, 7, 7, 7, 2, 6, 4, 6, 7, 6, 1, 7, 5, 3, 3, 6, 6, 1, 2, 1, 6, 7, 6, 7, 7, 7, 3, 5, 5, 1, 4, 6, 7, 7, 6, 7, 3, 1, 3, 7, 2, 2, 1, 6, 5, 7, 6, 2, 6, 4, 2, 7, 4, 4, 4, 6, 4, 3, 4, 5, 7, 2, 4, 4, 4, 3, 2, 4, 4, 2, 3, 3, 1, 1, 7, 6, 1, 7, 4, 6, 7, 3, 3, 7, 6, 2, 4, 5, 7, 7, 6, 1, 6, 7, 2, 3, 7, 4, 7, 7, 1, 7, 6, 5, 3, 1, 4, 7, 1, 1, 1, 4, 3, 7, 2, 7, 5, 6, 4, 7, 7, 2, 1, 3, 2, 7, 4, 5, 4, 2, 5, 7, 3, 7, 5, 1, 1, 5, 5, 5, 6, 2, 6, 7, 7, 2, 5, 4, 5, 1, 7, 3, 3, 2, 3, 2, 7, 6, 1, 6, 5, 6, 7, 3, 7, 6, 1, 1, 1, 7, 1, 7, 3, 1, 1, 6, 6, 5, 3, 5, 4, 7, 3, 2, 2, 6, 1, 7, 7, 1, 5, 2, 4, 2, 7, 7, 2, 6, 1, 6, 4, 6, 1, 4, 2, 5, 4, 6, 6, 6, 1, 6, 3, 5, 5, 1, 1, 3, 7, 6, 7, 7, 3, 6, 2, 4, 6, 4, 6, 3, 1, 3, 7, 6, 2, 7, 2, 3, 7, 3, 4, 2, 7, 7, 5, 5, 2, 3, 4, 5, 6, 5, 1, 7, 3, 7, 5, 7, 1, 2, 7, 6, 7, 2, 7, 2, 3, 1, 3, 7, 6, 2, 2, 1, 7, 4, 5, 7, 4, 7, 7, 7, 6, 5, 7, 5, 7, 7, 1, 6, 6, 6, 3, 5, 2, 6, 1, 6, 7, 6, 7, 7, 3, 1, 7, 3, 2, 7, 6, 6, 7, 7, 6, 4, 3, 5, 7, 7, 7, 6, 6, 7, 6, 7, 6, 7, 3, 3, 6, 7, 7, 7, 7, 7, 6, 5, 3, 4, 4, 6, 6, 1, 7, 7, 7, 7, 6, 7, 4, 3, 6, 6, 7, 6, 1, 1, 1, 7, 7, 5, 7, 5, 5, 1, 6, 5, 6, 6, 6, 4, 5, 2, 3, 2, 7, 7, 3, 6, 1, 7, 1, 6, 6, 6, 2, 6, 2, 1, 6, 7, 6, 1, 2, 2, 3, 6, 7, 6, 7, 7, 2, 6, 7, 4, 7, 6, 1, 6, 7, 6, 5, 2, 7, 7, 6, 1, 1, 2, 2, 6, 6, 7, 2, 3, 7, 6, 7, 2, 6, 6, 5, 6, 7, 1, 7, 3, 6, 6, 3, 1, 3, 3, 1, 1, 7, 6, 7, 1, 7, 6, 4, 4, 1, 6, 7, 6, 7, 7, 7, 6, 6, 7, 1, 1, 3, 3, 1, 7, 7, 7, 1, 6, 6, 2, 4, 4, 2, 7, 5, 6, 6, 4, 7, 6, 7, 7, 7, 5, 2, 7, 7, 7, 1, 6, 3, 1, 3, 7, 7, 6, 6, 7, 6, 3, 1, 4, 5, 7, 6, 7, 3, 7, 6, 6, 6, 7, 6, 7, 5, 4, 7, 2, 6, 6, 7, 7, 5, 1, 4, 1, 4, 6, 7, 7, 7, 7, 6, 4, 1, 6, 1, 7, 7, 1, 7, 7, 6, 4, 3, 6, 1, 7, 4, 7, 6, 6, 1, 2, 7, 1, 6, 4, 3, 6, 6],[4427.316667,34333.336965,42307.814832,32.225434]
[1, 7, 3, 4, 5, 6, 7, 3, 3, 3, 3, 3, 3, 3, 3, 3, 3, 3, 3, 3, 3, 3, 3, 3, 3, 3, 3, 3, 3, 3, 3, 3, 3, 3, 3, 3, 3, 3, 3, 3, 3, 3, 3, 3, 3, 4, 3, 3, 3, 3, 3, 3, 3, 3, 3, 3, 3, 3, 3, 3, 3, 3, 3, 3, 3, 3, 3, 3, 3, 3, 3, 3, 3, 3, 3, 3, 3, 3, 3, 3, 3, 3, 3, 3, 3, 3, 3, 3, 3, 3, 3, 3, 3, 3, 3, 3, 3, 3, 3, 3, 3, 3, 3, 3, 3, 3, 3, 3, 3, 3, 6, 3, 3, 3, 3, 3, 3, 6, 6, 3, 3, 3, 3, 3, 3, 3, 6, 7, 3, 3, 3, 3, 6, 3, 3, 3, 3, 6, 7, 6, 3, 3, 3, 6, 6, 3, 3, 3, 3, 7, 3, 7, 3, 3, 3, 3, 3, 3, 6, 3, 3, 3, 3, 3, 3, 7, 7, 3, 3, 3, 3, 3, 3, 7, 6, 3, 3, 3, 3, 3, 3, 3, 3, 7, 3, 3, 3, 3, 3, 3, 3, 3, 3, 3, 3, 3, 3, 3, 3, 6, 6, 3, 3, 3, 3, 3, 3, 3, 3, 7, 6, 3, 3, 3, 3, 3, 3, 3, 3, 7, 3, 3, 3, 3, 3, 3, 3, 3, 3, 3, 3, 3, 3, 3, 3, 3, 3, 3, 3, 7, 3, 3, 3, 3, 3, 3, 3, 3, 3, 3, 3, 3, 3, 3, 3, 3, 3, 3, 3, 3, 3, 3, 3, 3, 3, 3, 3, 3, 3, 3, 3, 3, 3, 3, 3, 3, 7, 3, 3, 3, 3, 3, 3, 3, 3, 6, 3, 3, 3, 3, 1, 3, 3, 3, 3, 3, 3, 3, 3, 3, 3, 3, 3, 6, 3, 3, 3, 3, 3, 3, 3, 3, 3, 6, 3, 3, 3, 3, 2, 3, 3, 3, 3, 6, 3, 3, 3, 3, 3, 3, 3, 3, 3, 3, 3, 7, 3, 6, 3, 3, 3, 3, 3, 3, 3, 3, 3, 3, 3, 3, 3, 3, 3, 7, 3, 3, 3, 3, 3, 3, 3, 3, 3, 3, 3, 3, 3, 3, 6, 3, 3, 3, 3, 3, 3, 3, 3, 3, 3, 3, 3, 3, 6, 3, 3, 3, 3, 3, 3, 3, 3, 3, 3, 3, 6, 3, 3, 3, 3, 3, 3, 3, 3, 3, 3, 3, 6, 3, 3, 3, 3, 3, 3, 3, 3, 3, 3, 3, 3, 7, 3, 3, 7, 3, 3, 3, 3, 3, 3, 3, 3, 3, 3, 3, 3, 3, 7, 3, 3, 3, 3, 3, 3, 3, 3, 3, 3, 3, 3, 3, 3, 3, 3, 3, 3, 1, 3, 3, 3, 5, 3, 3, 3, 3, 7, 3, 3, 3, 3, 3, 3, 3, 3, 3, 3, 3, 3, 3, 3, 3, 3, 3, 3, 3, 3, 3, 3, 3, 3, 3, 3, 3, 3, 3, 3, 7, 3, 3, 3, 3, 2, 3, 3, 3, 3, 3, 7, 3, 3, 3, 6, 3, 3, 3, 3, 3, 3, 7, 3, 3, 3, 6, 3, 3, 3, 3, 3, 3, 3, 3, 3, 6, 3, 3, 3, 3, 3, 3, 3, 6, 6, 3, 3, 3, 3, 3, 3, 3, 3, 3, 6, 3, 3, 6, 3, 3, 3, 3, 3, 3, 3, 6, 6, 3, 3, 3, 3, 3, 3, 3, 3, 3, 7, 6, 6, 3, 6, 3, 3, 3, 7, 3, 3, 3, 6, 6, 6, 3, 3, 3, 3, 7, 3, 7, 3, 6, 3, 3, 3, 6, 7, 7, 7, 6, 3, 3, 6, 6, 3, 3, 7, 7, 7, 7, 7, 7, 6, 6, 3, 3, 2, 3, 6, 7, 7, 3, 7, 7, 7, 3, 6, 6, 3, 3, 6, 3, 3, 2, 7, 3, 3, 7, 7, 3, 3, 6, 6, 6, 6, 3, 3, 3, 7, 7, 6, 7, 3, 3, 3, 6, 6, 3, 3, 3, 7, 3, 6, 3, 3, 3, 3, 3, 3, 6, 6, 6, 7, 3, 7, 7, 7, 3, 3, 3, 6, 6, 6, 3, 7, 3, 3, 3, 3, 3, 3, 3, 3, 6, 6, 6, 7, 3, 3, 3, 3, 3, 3, 3, 3, 6, 6, 6, 7, 3, 3, 3, 3, 3, 3, 3, 3, 3, 6, 6, 3, 3, 3, 3, 6, 3, 3, 3, 3, 3, 3, 3, 3, 3, 3, 3, 3, 3, 3, 3, 3, 3, 3, 3, 3, 3, 3, 3, 3, 3, 3, 3, 3, 7, 3, 3, 3, 3, 3, 3, 3, 7, 7, 3, 3, 3, 3, 3, 3, 3, 3, 7, 7, 3, 3, 6, 3, 3, 3, 3, 3, 3, 3, 3, 3, 3, 7, 3, 3, 3, 3, 3, 7, 7, 3, 3, 3, 3, 3, 3, 5, 4, 2, 5, 7, 3, 7, 5, 1, 1, 5, 5, 5, 6, 2, 6, 7, 7, 2, 5, 4, 5, 1, 7, 3, 3, 2, 3, 2, 7, 6, 1, 6, 5, 6, 7, 3, 7, 6, 1, 1, 1, 7, 1, 7, 3, 1, 1, 6, 6, 5, 3, 5, 4, 7, 3, 2, 2, 6, 1, 7, 7, 1, 5, 2, 4, 2, 7, 7, 2, 6, 1, 6, 4, 6, 1, 4, 2, 5, 4, 6, 6, 6, 1, 6, 3, 5, 5, 1, 1, 3, 7, 6, 7, 7, 3, 6, 2, 4, 6, 4, 6, 3, 1, 3, 7, 6, 2, 7, 2, 3, 7, 3, 4, 2, 7, 7, 5, 5, 2, 3, 4, 5, 6, 5, 1, 7, 3, 7, 5, 7, 1, 2, 7, 6, 7, 2, 7, 2, 3, 1, 3, 7, 6, 2, 2, 1, 7, 4, 5, 7, 4, 7, 7, 7, 6, 5, 7, 5, 7, 7, 1, 6, 6, 6, 3, 5, 2, 6, 1, 6, 7, 6, 7, 7, 3, 1, 7, 3, 2, 7, 6, 6, 7, 7, 6, 4, 3, 5, 7, 7, 7, 6, 6, 7, 6, 7, 6, 7, 3, 3, 6, 7, 7, 7, 7, 7, 6, 5, 3, 4, 4, 6, 6, 1, 7, 7, 7, 7, 6, 7, 4, 3, 6, 6, 7, 6, 1, 1, 1, 7, 7, 5, 7, 5, 5, 1, 6, 5, 6, 6, 6, 4, 5, 2, 3, 2, 7, 7, 3, 6, 1, 7, 1, 6, 6, 6, 2, 6, 2, 1, 6, 7, 6, 1, 2, 2, 3, 6, 7, 6, 7, 7, 2, 6, 7, 4, 7, 6, 1, 6, 7, 6, 5, 2, 7, 7, 6, 1, 1, 2, 2, 6, 6, 7, 2, 3, 7, 6, 7, 2, 6, 6, 5, 6, 7, 1, 7, 3, 6, 6, 3, 1, 3, 3, 1, 1, 7, 6, 7, 1, 7, 6, 4, 4, 1, 6, 7, 6, 7, 7, 7, 6, 6, 7, 1, 1, 5, 3, 6, 7, 7, 7, 1, 6, 7, 2, 4, 4, 2, 7, 5, 6, 6, 4, 7, 6, 7, 7, 7, 5, 2, 7, 7, 7, 1, 6, 3, 1, 3, 7, 7, 6, 6, 7, 6, 3, 1, 4, 5, 7, 6, 7, 3, 7, 6, 6, 6, 7, 3, 7, 5, 4, 7, 2, 6, 6, 7, 7, 5, 1, 4, 1, 4, 6, 7, 7, 7, 7, 6, 4, 1, 6, 1, 7, 7, 1, 7, 7, 6, 4, 3, 6, 1, 7, 4, 7, 6, 6, 1, 2, 7, 1, 6, 4, 3, 6, 6],[2383.916667,47796.720626,43141.107163,28.821464]
